title,genres,budget,revenue,popularity,runtime,vote_average,success,movie_id,perfect_ratio
Movie 1,Romance,57755036,107323371,60.38,98,6.61,1,10749.0,1.8582513047000784
Movie 2,Drama,192100010,342896533,86.29,96,7.18,1,18.0,1.7849896676215686
Movie 3,Comedy,128521863,253206827,87.0,148,3.54,1,35.0,1.9701459431847794
Movie 4,Drama,156299516,89635602,72.71,118,5.99,0,18.0,0.57348611367421
Movie 5,Comedy,148532820,221133868,74.83,161,4.58,1,35.0,1.488787919060582
Movie 6,Romance,134224038,270524761,56.23,150,7.35,1,10749.0,2.0154717815895244
Movie 7,Adventure,36788921,73368473,58.88,160,4.14,1,12.0,1.9943089116421762
Movie 8,Action,134120466,332939335,14.23,118,8.35,1,28.0,2.4823902341645607
Movie 9,Horror,161953558,346179511,44.94,115,5.59,1,27.0,2.137523344809751
Movie 10,Horror,94410762,281375537,45.63,119,4.19,1,27.0,2.980333290816994
Movie 11,Action,92090292,111395762,95.89,124,5.63,1,28.0,1.2096363208404204
Movie 12,Horror,166850211,233236168,43.68,83,5.45,1,27.0,1.3978775729567403
Movie 13,Horror,77737383,113466874,55.38,104,5.57,1,27.0,1.4596178777976099
Movie 14,N/A,89358551,148740169,53.79,148,6.51,1,N/A,1.6645320155202605
Movie 15,Adventure,112190146,290571935,64.04,109,6.13,1,12.0,2.589995158754852
Movie 16,Drama,89409749,97410154,75.08,155,3.9,1,18.0,1.0894802310651828
Movie 17,Animation,140199233,342086201,23.28,147,3.39,1,16.0,2.4400005169785772
Movie 18,Action,149171095,225736957,53.34,167,7.38,1,28.0,1.513275457286145
Movie 19,Romance,86652971,173707878,82.77,108,6.36,1,10749.0,2.0046384560778647
Movie 20,Comedy,5521373,11491917,46.85,152,5.15,1,35.0,2.0813513233030987
Movie 21,Horror,107683173,154215397,28.57,147,7.85,1,27.0,1.4321215906221485
Movie 22,N/A,4344769,7740371,65.82,130,5.33,1,N/A,1.7815379828018474
Movie 23,Thriller,107328085,164488655,82.55,103,7.78,1,53.0,1.5325779361478404
Movie 24,Horror,31349564,21092988,7.25,93,4.83,0,27.0,0.6728319411395961
Movie 25,Comedy,100052376,159374777,77.9,148,3.44,1,35.0,1.5929134656432347
Movie 26,Science Fiction,178077808,132397908,82.34,97,8.6,0,878.0,0.743483477739124
Movie 27,Drama,107406362,162457707,46.69,121,5.37,1,18.0,1.512551993893993
Movie 28,Adventure,107777086,213646086,98.35,136,7.76,1,12.0,1.9822959956441948
Movie 29,Animation,63250665,123246276,78.88,162,4.67,1,16.0,1.9485372367231237
Movie 30,Science Fiction,182009883,392513995,77.59,91,6.88,1,878.0,2.1565531966195484
Movie 31,Thriller,156716283,115680715,75.04,161,8.24,0,53.0,0.7381537692544686
Movie 32,Adventure,195438926,416345129,15.91,96,3.25,1,12.0,2.1303081096546754
Movie 33,Animation,80757501,103399493,22.51,109,7.98,1,16.0,1.2803701417159998
Movie 34,Science Fiction,121716221,182284021,46.94,167,6.43,1,878.0,1.4976148577600024
Movie 35,N/A,152079598,402245310,27.14,154,6.64,1,N/A,2.644965631747659
Movie 36,Animation,53286002,27845986,42.11,178,6.14,0,16.0,0.5225760041070449
Movie 37,Science Fiction,33049003,65140628,88.96,102,8.25,1,878.0,1.9710315618295657
Movie 38,Animation,62136438,124073104,82.61,160,3.26,1,16.0,1.9967849460569336
Movie 39,Animation,197412659,294470482,63.37,80,4.57,1,16.0,1.4916494387525574
Movie 40,Science Fiction,129482111,141468223,85.95,158,8.25,1,878.0,1.0925696368975635
Movie 41,Romance,126683192,137664736,78.59,111,7.51,1,10749.0,1.0866850907893133
Movie 42,Animation,194466162,526862150,43.47,88,3.11,1,16.0,2.7092741718222424
Movie 43,Action,196524628,315434003,20.91,94,6.1,1,28.0,1.6050609341440911
Movie 44,Action,56831368,75427921,51.91,107,6.18,1,28.0,1.3272233918423362
Movie 45,Horror,11959014,19396850,73.89,103,5.41,1,27.0,1.6219439161121476
Movie 46,Adventure,57972561,126001970,44.21,139,4.78,1,12.0,2.1734760001373754
Movie 47,Romance,49900483,43133549,67.01,114,7.09,0,10749.0,0.8643914128045614
Movie 48,Drama,21193880,34410056,10.34,165,4.25,1,18.0,1.6235845442174817
Movie 49,Romance,121826171,239962340,75.05,106,7.79,1,10749.0,1.9697109252493867
Movie 50,Animation,4385357,12592370,81.46,162,7.82,1,16.0,2.8714583556139215
Movie 51,Horror,45738553,51744914,70.98,155,5.49,1,27.0,1.1313194363625803
Movie 52,Romance,69574553,97274052,96.76,99,4.7,1,10749.0,1.3981268697479092
Movie 53,Adventure,152063092,220247646,82.84,144,4.7,1,12.0,1.4483964721695912
Movie 54,Horror,187375041,377344363,90.41,164,5.89,1,27.0,2.0138453925675193
Movie 55,N/A,12392366,17248068,93.42,128,7.32,1,N/A,1.3918300992724069
Movie 56,Thriller,89883975,164827418,80.33,80,5.15,1,53.0,1.8337798033520436
Movie 57,Action,148697582,364974620,67.75,89,6.66,1,28.0,2.454475823285412
Movie 58,Horror,148405005,335909384,1.57,126,5.29,1,27.0,2.263463984924228
Movie 59,Comedy,69979792,113081858,47.12,138,4.83,1,35.0,1.6159216077692828
Movie 60,Thriller,38709731,102988804,57.55,175,3.15,1,53.0,2.6605404207019676
Movie 61,Action,162156967,307344308,31.1,141,3.02,1,28.0,1.8953506203652661
Movie 62,Thriller,24027075,44444432,32.49,165,4.36,1,53.0,1.8497645676804189
Movie 63,Adventure,87191493,51047952,96.15,97,5.44,0,12.0,0.5854694104159909
Movie 64,Drama,88796277,263434796,89.28,125,8.11,1,18.0,2.9667324453253823
Movie 65,N/A,23335235,18841499,85.07,111,7.79,0,N/A,0.807427008984482
Movie 66,N/A,135489564,146034348,41.2,106,4.6,1,N/A,1.0778272782691958
Movie 67,Comedy,138802430,87340331,2.36,171,4.47,0,35.0,0.6292420889173194
Movie 68,N/A,128924625,270742668,8.94,97,4.36,1,N/A,2.100007411307188
Movie 69,Animation,108944665,115672318,31.91,118,5.04,1,16.0,1.0617529366857936
Movie 70,Animation,53631083,50950928,2.56,128,5.99,0,16.0,0.9500260884159285
Movie 71,Drama,9585377,6914785,2.7,172,5.63,0,18.0,0.72138894484797
Movie 72,Romance,87544585,66382641,91.74,161,4.31,0,10749.0,0.7582723820096925
Movie 73,Animation,86157821,169013794,70.91,123,3.78,1,16.0,1.9616767466763116
Movie 74,Animation,153041741,339832195,31.59,151,3.08,1,16.0,2.22051966201822
Movie 75,Horror,171819422,256603281,14.13,133,3.92,1,27.0,1.493447469518318
Movie 76,Romance,61304654,104202138,51.65,174,7.23,1,10749.0,1.6997426981644819
Movie 77,Science Fiction,112636935,249481725,1.53,113,4.46,1,878.0,2.214919333520572
Movie 78,Thriller,35119117,19085465,93.9,150,5.81,0,53.0,0.5434494551785001
Movie 79,Science Fiction,37433622,48956688,42.07,115,6.55,1,878.0,1.3078266377749928
Movie 80,Romance,90482491,265362016,40.83,97,8.32,1,10749.0,2.9327443692946074
Movie 81,Romance,195249720,380791736,39.67,117,8.33,1,10749.0,1.9502805740259193
Movie 82,Drama,102670589,116588762,7.86,138,7.47,1,18.0,1.135561441066633
Movie 83,Drama,56105831,101233160,64.19,88,3.21,1,18.0,1.8043251155125035
Movie 84,Science Fiction,138584340,188008188,73.57,152,6.45,1,878.0,1.356633714891596
Movie 85,Drama,59743503,109367201,67.94,151,7.72,1,18.0,1.8306124600695075
Movie 86,Animation,92693393,75485214,14.71,130,3.1,0,16.0,0.8143537695291831
Movie 87,Romance,171476398,142631775,58.31,114,6.3,0,10749.0,0.8317866287347604
Movie 88,Romance,70739572,60755099,57.38,161,8.15,0,10749.0,0.8588559031711416
Movie 89,Horror,105157975,299652852,86.97,84,5.84,1,27.0,2.849549470689218
Movie 90,Drama,191066585,445614526,38.53,93,3.02,1,18.0,2.3322472948370327
Movie 91,Animation,120208152,108903144,37.78,171,3.07,0,16.0,0.9059547309237397
Movie 92,Animation,133862715,129963656,62.23,109,5.5,0,16.0,0.9708727034260436
Movie 93,Comedy,192273147,447433781,63.67,83,3.93,1,35.0,2.3270736864779145
Movie 94,Adventure,184378299,164172209,47.46,118,6.99,0,12.0,0.8904096083455028
Movie 95,Romance,112665644,122400319,44.86,163,7.25,1,10749.0,1.0864032251038303
Movie 96,Comedy,69394024,201823295,49.92,143,4.07,1,35.0,2.908367080715769
Movie 97,Comedy,199743196,227360951,86.24,104,8.33,1,35.0,1.1382663117095613
Movie 98,N/A,173945196,374692020,46.66,107,5.65,1,N/A,2.1540808749900746
Movie 99,Science Fiction,52757120,155452980,94.05,155,3.86,1,878.0,2.9465782059369428
Movie 100,Animation,68157848,97857079,50.9,145,7.59,1,16.0,1.435741911921867
Movie 101,Romance,96540567,52497792,94.97,157,7.74,0,10749.0,0.5437899696611478
Movie 102,Action,86390464,95925226,83.45,101,6.84,1,28.0,1.1103682230483216
Movie 103,Thriller,49170987,126723122,36.88,110,8.12,1,53.0,2.5771929695045577
Movie 104,Romance,187780295,499781403,86.5,102,7.42,1,10749.0,2.6615220888858437
Movie 105,Science Fiction,24717335,59848043,11.9,127,8.29,1,878.0,2.421298372174832
Movie 106,Comedy,61472382,48119016,92.58,99,5.6,0,35.0,0.78277454743823
Movie 107,Adventure,13719242,34144119,63.53,117,7.49,1,12.0,2.4887759105058427
Movie 108,Horror,49715250,139038365,6.38,134,9.0,1,27.0,2.796694475035326
Movie 109,Science Fiction,84139152,168406519,64.78,147,7.35,1,878.0,2.001523844690044
Movie 110,N/A,103400391,294917394,97.45,158,3.69,1,N/A,2.8521883829240067
Movie 111,Horror,179271906,460208409,7.91,167,6.11,1,27.0,2.567097205961541
Movie 112,Comedy,173552610,376162923,55.91,168,6.52,1,35.0,2.1674287871556643
Movie 113,Romance,92355424,179443180,75.03,80,4.05,1,10749.0,1.942963090072544
Movie 114,Romance,187659194,257362230,81.22,86,8.78,1,10749.0,1.3714341648509905
Movie 115,Animation,50583876,45435378,41.97,136,4.05,0,16.0,0.8982185943995277
Movie 116,Science Fiction,198421286,399299981,21.21,174,4.07,1,878.0,2.0123848053277915
Movie 117,Animation,112999993,146366504,5.19,91,8.49,1,16.0,1.2952788766986916
Movie 118,Science Fiction,172625499,460236267,58.39,84,5.79,1,878.0,2.666096663969672
Movie 119,Romance,162226952,483978535,45.84,129,3.38,1,10749.0,2.9833423425227146
Movie 120,Science Fiction,52327755,124596016,94.93,121,6.59,1,878.0,2.3810693961550613
Movie 121,Romance,80018913,58110073,7.0,91,6.61,0,10749.0,0.7262042287427724
Movie 122,N/A,142347872,173908386,68.85,97,3.39,1,N/A,1.2217139852993377
Movie 123,Drama,5545583,4285482,3.47,145,8.84,0,18.0,0.7727739355808037
Movie 124,Action,189296765,402497758,17.97,153,6.26,1,28.0,2.1262791152294653
Movie 125,Drama,55474455,133858592,45.9,158,6.36,1,18.0,2.4129771441648233
Movie 126,N/A,176760164,497436169,46.03,173,6.12,1,N/A,2.8141870755449174
Movie 127,Adventure,181844642,290120554,68.88,96,6.66,1,12.0,1.5954308623511713
Movie 128,Drama,124685547,343314063,91.11,147,4.59,1,18.0,2.7534391215366765
Movie 129,Romance,54933927,148031985,64.26,150,4.72,1,10749.0,2.694727886466227
Movie 130,Horror,107179285,138581667,95.4,141,6.07,1,27.0,1.292989284263279
Movie 131,Action,53453338,142840766,88.28,120,7.84,1,28.0,2.672251562661999
Movie 132,Comedy,150099456,216020229,58.87,174,3.3,1,35.0,1.4391806256779505
Movie 133,Animation,35045666,43532786,83.55,113,6.62,1,16.0,1.24217316914451
Movie 134,Science Fiction,147939822,314029884,64.62,149,7.84,1,878.0,2.1226866421402075
Movie 135,Action,111573005,147382703,8.78,124,3.94,1,28.0,1.3209530656631503
Movie 136,Comedy,157396162,326679176,74.32,137,3.09,1,35.0,2.0755218669182036
Movie 137,Comedy,47321408,95805953,10.4,130,4.88,1,35.0,2.0245795095530545
Movie 138,Action,148014660,282500383,59.81,113,6.53,1,28.0,1.9085973173197843
Movie 139,Drama,91053374,132122931,70.56,123,3.83,1,18.0,1.451049260404123
Movie 140,N/A,27063245,50642078,7.59,94,5.56,1,N/A,1.8712492903197677
Movie 141,Thriller,174660954,347787282,23.85,157,6.31,1,53.0,1.9912136859163154
Movie 142,Comedy,98636744,183880316,91.65,149,6.59,1,35.0,1.8642172130093833
Movie 143,Adventure,100483854,161884375,62.02,129,4.65,1,12.0,1.6110486267773925
Movie 144,Adventure,110174313,59126988,25.38,111,5.4,0,12.0,0.5366676350412096
Movie 145,Animation,8887739,17487997,69.38,146,7.67,1,16.0,1.9676542031668571
Movie 146,Horror,195954700,180496022,60.08,82,8.65,0,27.0,0.921110960849625
Movie 147,Romance,62071026,130748887,50.66,165,8.17,1,10749.0,2.106439919327256
Movie 148,Comedy,135987326,326146674,97.64,165,6.39,1,35.0,2.39836081488947
Movie 149,Thriller,90178975,157913600,68.66,153,5.46,1,53.0,1.751113272245554
Movie 150,N/A,50007334,92809069,38.17,130,5.0,1,N/A,1.8559091552451086
Movie 151,Horror,163651376,471102626,80.21,146,3.75,1,27.0,2.8786963942179136
Movie 152,Adventure,8971379,23486338,88.57,155,3.64,1,12.0,2.617918382447113
Movie 153,Adventure,4331068,12064585,13.4,172,7.13,1,12.0,2.7855912213800385
Movie 154,Action,37810847,95828405,20.85,127,4.56,1,28.0,2.5344157193833823
Movie 155,Comedy,35428803,27361517,22.41,96,4.53,0,35.0,0.7722958351147229
Movie 156,Thriller,140871965,122907921,69.43,86,8.99,0,53.0,0.8724796378044418
Movie 157,Science Fiction,62553124,113631471,60.7,92,4.13,1,878.0,1.8165594894988777
Movie 158,Animation,181033766,201884175,62.28,145,3.89,1,16.0,1.1151741438113816
Movie 159,Animation,152968492,258782715,94.14,83,3.59,1,16.0,1.6917386817149247
Movie 160,Drama,172116174,255749713,77.82,89,6.48,1,18.0,1.4859133052771671
Movie 161,Adventure,24841962,46542300,13.67,167,6.77,1,12.0,1.8735355927200918
Movie 162,Drama,67834972,160578219,35.4,96,5.19,1,18.0,2.367189286965431
Movie 163,Romance,178374243,408249993,44.1,131,6.21,1,10749.0,2.2887272631620923
Movie 164,Science Fiction,23993420,43262183,40.2,85,7.73,1,878.0,1.8030853042209072
Movie 165,Science Fiction,63190751,161514519,67.26,162,7.91,1,878.0,2.555983533096481
Movie 166,Animation,157188486,247910642,89.3,148,8.75,1,16.0,1.5771552249698493
Movie 167,Thriller,171731194,470850136,31.3,175,7.95,1,53.0,2.7417857235651666
Movie 168,N/A,32288562,21898124,55.64,153,6.39,0,N/A,0.6782006581773447
Movie 169,Comedy,156569237,451960599,79.15,88,4.08,1,35.0,2.886650070345556
Movie 170,Horror,24484187,52316163,42.21,170,3.6,1,27.0,2.136732700170931
Movie 171,Adventure,196995197,285679730,17.64,156,3.33,1,12.0,1.4501862702774424
Movie 172,Animation,37093880,36829968,48.02,162,7.0,0,16.0,0.992885295364087
Movie 173,Drama,185658932,315241082,6.47,100,7.85,1,18.0,1.6979580707703306
Movie 174,Thriller,82752859,81627073,94.3,103,6.05,0,53.0,0.9863958053703015
Movie 175,Drama,133888171,122618672,8.41,83,3.33,0,18.0,0.9158290167396491
Movie 176,Thriller,179283859,366344943,44.41,103,6.21,1,53.0,2.0433793931220547
Movie 177,N/A,76415325,138136885,53.46,138,8.61,1,N/A,1.807711803882271
Movie 178,Adventure,36563453,79534288,98.55,178,6.59,1,12.0,2.1752400682725455
Movie 179,N/A,169973642,480008062,17.44,82,7.86,1,N/A,2.824014690465949
Movie 180,Thriller,51873983,94963134,12.33,147,7.8,1,53.0,1.830650520897923
Movie 181,Thriller,91586459,178807003,1.86,119,8.59,1,53.0,1.9523301255702004
Movie 182,Animation,189110296,136928306,16.4,127,7.62,0,16.0,0.7240658435646465
Movie 183,Romance,24637222,56519991,21.52,133,7.49,1,10749.0,2.2940894472599225
Movie 184,Drama,137702141,206520578,63.43,114,4.4,1,18.0,1.49976301385176
Movie 185,Horror,96057280,282582564,22.75,174,3.36,1,27.0,2.941813093187731
Movie 186,Thriller,174667704,446788640,3.03,135,6.11,1,53.0,2.5579350376071814
Movie 187,Adventure,98453338,177826675,82.84,168,3.75,1,12.0,1.806202599245543
Movie 188,Thriller,3235000,2614063,37.19,119,8.77,0,53.0,0.8080565687789799
Movie 189,Action,24685747,65381175,36.02,156,4.74,1,28.0,2.648539458822129
Movie 190,Animation,173094412,432641302,30.95,147,8.12,1,16.0,2.4994527379659144
Movie 191,Science Fiction,30859174,29669948,97.56,125,5.33,0,878.0,0.9614628051936841
Movie 192,Action,171320581,212128410,17.84,157,4.94,1,28.0,1.238195719170483
Movie 193,Action,47159303,117120984,89.93,92,8.61,1,28.0,2.4835181300283424
Movie 194,Horror,147412954,141969158,77.9,106,5.18,0,27.0,0.9630711151748577
Movie 195,Romance,183153864,511801718,8.57,85,5.34,1,10749.0,2.7943812203710863
Movie 196,N/A,149639396,233634766,98.69,96,3.64,1,N/A,1.561318558115538
Movie 197,Science Fiction,22200096,15930731,27.87,115,7.02,0,878.0,0.7175973923716366
Movie 198,Action,84375337,214260335,10.76,178,4.73,1,28.0,2.5393716057098534
Movie 199,Science Fiction,108868843,156093339,83.1,160,6.51,1,878.0,1.4337742066387167
Movie 200,Horror,24234510,44015879,70.96,81,6.55,1,27.0,1.8162479455949387
Movie 201,Science Fiction,186933626,145950458,62.1,156,7.32,0,878.0,0.7807608567973747
Movie 202,Science Fiction,46968757,23787798,16.44,131,7.47,0,878.0,0.5064600283120118
Movie 203,Animation,135278815,283404114,48.37,145,6.09,1,16.0,2.0949630139796835
Movie 204,N/A,81705119,146083680,78.28,131,4.99,1,N/A,1.7879379136575273
Movie 205,Science Fiction,67653416,134213987,31.06,171,8.02,1,878.0,1.9838464180433992
Movie 206,Science Fiction,124850419,310173340,31.86,122,4.86,1,878.0,2.484359623975311
Movie 207,N/A,11274621,23862902,1.31,169,6.05,1,N/A,2.1165147812950873
Movie 208,Science Fiction,148240432,138891442,18.25,101,5.41,0,878.0,0.9369336025680227
Movie 209,Animation,17816569,24977605,87.67,134,8.13,1,16.0,1.4019312584819221
Movie 210,Drama,108147827,298999299,44.73,146,5.59,1,18.0,2.7647277554638245
Movie 211,Thriller,8654909,20986957,98.44,178,5.32,1,53.0,2.424861659435125
Movie 212,Animation,38814054,73420379,40.18,139,7.14,1,16.0,1.8915926432214476
Movie 213,Adventure,107388866,122327999,71.8,137,6.61,1,12.0,1.13911249421332
Movie 214,Animation,100157604,125712942,28.91,91,3.64,1,16.0,1.2551512514217094
Movie 215,Comedy,150638768,350972537,37.02,167,6.05,1,35.0,2.3298951635079757
Movie 216,Comedy,159428240,418967155,19.88,148,7.41,1,35.0,2.627935646783782
Movie 217,Drama,73073914,159196028,35.36,163,8.95,1,18.0,2.1785616683950995
Movie 218,Comedy,168997441,426519956,55.18,118,6.77,1,35.0,2.523824937680565
Movie 219,Thriller,12506305,30223241,99.19,92,5.22,1,53.0,2.416640326619253
Movie 220,Thriller,155777819,136190303,66.76,120,4.36,0,53.0,0.8742599162978395
Movie 221,Adventure,142951830,222985132,20.73,136,8.24,1,12.0,1.5598620318466716
Movie 222,Thriller,124035620,109456411,5.45,132,7.89,0,53.0,0.8824594983279803
Movie 223,Drama,140892447,153303516,13.51,91,4.4,1,18.0,1.0880889590909015
Movie 224,Thriller,143875872,384601652,56.69,92,4.2,1,53.0,2.6731490600453145
Movie 225,Romance,41163712,69246827,76.75,153,7.29,1,10749.0,1.6822298970510725
Movie 226,Thriller,86447809,158925241,94.1,176,4.89,1,53.0,1.8383952449274914
Movie 227,Animation,133863028,126649807,2.57,136,4.84,0,16.0,0.9461149123266508
Movie 228,Thriller,45165849,57842975,52.75,119,3.91,1,53.0,1.2806794576140925
Movie 229,Thriller,130693942,140576419,47.62,159,4.58,1,53.0,1.0756154175837775
Movie 230,Science Fiction,79826934,81061490,65.95,124,5.57,1,878.0,1.0154654067009514
Movie 231,Action,50905866,106642799,56.4,114,7.4,1,28.0,2.094901970629475
Movie 232,Horror,175875390,200886562,69.02,82,5.02,1,27.0,1.1422096178436334
Movie 233,Romance,141877636,295110975,66.15,84,4.97,1,10749.0,2.080038710258747
Movie 234,Action,32378291,20920796,12.58,169,4.71,0,28.0,0.6461365116522055
Movie 235,Thriller,198238369,169381995,80.17,90,5.87,0,53.0,0.8544359795454128
Movie 236,Adventure,37634821,44648093,13.2,150,4.08,1,12.0,1.1863506139699722
Movie 237,Romance,103325205,205887590,70.15,135,5.91,1,10749.0,1.9926172902342656
Movie 238,Thriller,154651082,338624490,42.2,89,7.23,1,53.0,2.1896031092753687
Movie 239,Adventure,17887294,28741168,51.87,113,3.18,1,12.0,1.6067923968823903
Movie 240,Romance,120356143,194312259,90.43,146,3.06,1,10749.0,1.6144772851353337
Movie 241,Romance,98935968,228669924,89.1,151,3.45,1,10749.0,2.3112921278538456
Movie 242,Thriller,111456008,60136393,81.97,110,6.21,0,53.0,0.5395527264891813
Movie 243,Comedy,36562619,49459171,51.5,154,8.13,1,35.0,1.3527250605324526
Movie 244,Horror,36213498,92227364,73.89,150,3.03,1,27.0,2.5467676168703726
Movie 245,Horror,36703247,73701901,51.78,145,8.62,1,27.0,2.0080485249711013
Movie 246,Drama,176127900,236551716,87.09,149,3.64,1,18.0,1.3430678274140553
Movie 247,Thriller,197962050,547129885,40.87,120,8.05,1,53.0,2.763811978103884
Movie 248,Drama,122946771,298952059,97.05,142,5.9,1,18.0,2.4315568157540306
Movie 249,Thriller,58805563,68346096,93.3,111,6.96,1,53.0,1.1622386133774452
Movie 250,Adventure,141621731,299278524,74.42,99,6.06,1,12.0,2.1132245869809343
Movie 251,Adventure,72244178,143720893,28.66,136,5.86,1,12.0,1.989376818710568
Movie 252,Drama,102573977,154165588,14.03,177,8.01,1,18.0,1.5029697834568703
Movie 253,Science Fiction,52939266,75035596,85.62,129,7.54,1,878.0,1.4173901844426782
Movie 254,Science Fiction,168485586,228955262,17.36,159,5.9,1,878.0,1.3589011822055805
Movie 255,Romance,156331731,319368445,85.57,104,3.67,1,10749.0,2.042889456651638
Movie 256,Drama,87641503,140754430,49.59,91,3.69,1,18.0,1.6060248304961178
Movie 257,Thriller,145639686,375700549,41.25,150,7.81,1,53.0,2.5796577795423152
Movie 258,Comedy,13984808,30403064,90.42,118,6.18,1,35.0,2.1740065362356065
Movie 259,Drama,15764960,10638652,60.78,96,5.89,0,18.0,0.6748289878312409
Movie 260,Romance,97946087,205727974,58.08,124,7.08,1,10749.0,2.100420550746453
Movie 261,Science Fiction,51402943,60545912,56.32,90,8.15,1,878.0,1.1778685901311137
Movie 262,Science Fiction,77241446,153094861,37.75,149,6.77,1,878.0,1.982029971318766
Movie 263,N/A,109276583,240444525,78.78,102,7.58,1,N/A,2.200329827297034
Movie 264,Thriller,54777024,58998852,26.03,170,7.59,1,53.0,1.0770729713246197
Movie 265,N/A,123691547,203119654,93.95,149,5.14,1,N/A,1.6421466052162805
Movie 266,Horror,93649393,91384216,89.5,117,4.64,0,27.0,0.9758121550237918
Movie 267,Comedy,179017694,112932809,34.41,81,7.81,0,35.0,0.6308471887700665
Movie 268,Thriller,11047453,15976727,73.22,165,5.26,1,53.0,1.44619099081028
Movie 269,N/A,36581225,51482977,57.75,163,8.42,1,N/A,1.4073606611041594
Movie 270,Romance,35109026,104930389,34.43,168,3.42,1,10749.0,2.988701224579685
Movie 271,Science Fiction,177308486,286509392,98.86,158,3.35,1,878.0,1.6158808778052507
Movie 272,Animation,151255355,201763129,3.5,172,8.56,1,16.0,1.3339238733068326
Movie 273,Horror,21281689,41524565,26.01,151,6.89,1,27.0,1.951187473888938
Movie 274,Thriller,192849071,139221309,52.49,116,5.28,0,53.0,0.7219184841185986
Movie 275,Thriller,72450611,210408480,52.67,128,7.53,1,53.0,2.9041643278895193
Movie 276,Science Fiction,128348283,267914220,59.3,131,7.03,1,878.0,2.08740010959087
Movie 277,Action,47510960,113413153,75.42,112,6.19,1,28.0,2.3870945356608244
Movie 278,Horror,132437871,122663273,62.72,101,3.59,0,27.0,0.9261948419572525
Movie 279,N/A,120912701,184234033,60.43,84,7.87,1,N/A,1.5236946282425698
Movie 280,Adventure,96415947,150092901,6.3,97,8.2,1,12.0,1.5567227794796228
Movie 281,N/A,110169700,281430273,38.28,117,4.03,1,N/A,2.5545161056079846
Movie 282,N/A,33797855,17003420,23.97,116,8.1,0,N/A,0.5030916902862622
Movie 283,Romance,35795514,44820736,27.27,173,8.27,1,10749.0,1.252132767251226
Movie 284,N/A,6184502,18263396,55.88,174,6.3,1,N/A,2.9530908066647887
Movie 285,Action,114944584,193936382,20.75,143,6.94,1,28.0,1.6872163546218062
Movie 286,N/A,125001512,182041664,30.1,89,5.29,1,N/A,1.4563156964053363
Movie 287,Animation,158666402,126865292,24.47,158,4.69,0,16.0,0.7995725018079127
Movie 288,N/A,56223954,165040445,94.9,121,7.33,1,N/A,2.935411568528247
Movie 289,Thriller,166165871,91402177,94.52,127,8.17,0,53.0,0.5500658856715529
Movie 290,Adventure,147720975,346102941,61.38,123,6.92,1,12.0,2.342950559323075
Movie 291,Thriller,95962818,232373916,92.53,161,6.07,1,53.0,2.4214995020258785
Movie 292,N/A,189223891,209876125,78.8,166,3.95,1,N/A,1.1091417890777862
Movie 293,Adventure,52910807,115287151,59.4,176,3.32,1,12.0,2.1788960996191196
Movie 294,Thriller,127736437,93544312,1.64,95,5.67,0,53.0,0.7323228531887107
Movie 295,Comedy,129314487,147757081,77.48,133,3.3,1,35.0,1.1426181584743866
Movie 296,Animation,55847136,137928741,70.55,114,6.42,1,16.0,2.469754957532648
Movie 297,Action,74150359,197367158,61.91,177,5.3,1,28.0,2.661715474634452
Movie 298,N/A,166048947,335620793,76.28,107,7.54,1,N/A,2.0212160273440336
Movie 299,Drama,93942922,166006169,51.78,81,4.83,1,18.0,1.7670960777651774
Movie 300,Thriller,158319111,142211732,70.7,173,6.56,0,53.0,0.8982600464450562
Movie 301,N/A,152786915,100499043,93.58,92,6.23,0,N/A,0.6577725782342029
Movie 302,Animation,102164453,81131098,38.2,120,3.03,0,16.0,0.7941225702055097
Movie 303,Drama,189928103,202917903,71.1,159,3.43,1,18.0,1.0683932487863579
Movie 304,Animation,189673875,256853754,48.09,138,4.74,1,16.0,1.3541862525875006
Movie 305,Romance,79110973,114890794,67.77,148,8.29,1,10749.0,1.4522738078319426
Movie 306,Adventure,40501026,55316480,76.53,171,3.88,1,12.0,1.3658044119672426
Movie 307,Animation,168381501,184821989,5.5,132,7.27,1,16.0,1.0976383266710517
Movie 308,N/A,12310552,21842743,65.01,124,8.84,1,N/A,1.7743106076803055
Movie 309,Science Fiction,166363810,426426258,23.45,99,7.74,1,878.0,2.5632152689938996
Movie 310,Action,156322520,187471164,67.33,103,4.46,1,28.0,1.1992588399931117
Movie 311,Horror,22739356,64942862,47.36,140,8.45,1,27.0,2.8559675128882276
Movie 312,Adventure,146689489,393618016,77.58,170,3.56,1,12.0,2.6833416537431662
Movie 313,Action,154794431,139997713,13.22,173,5.81,0,28.0,0.9044105275337716
Movie 314,Thriller,19877237,49011102,63.01,137,8.33,1,53.0,2.4656898743019466
Movie 315,Thriller,47918818,92793279,28.57,106,6.85,1,53.0,1.9364684454445433
Movie 316,Horror,116797711,223835619,85.45,105,5.48,1,27.0,1.91643840520128
Movie 317,Comedy,158922984,234825698,92.91,86,4.76,1,35.0,1.4776069017178786
Movie 318,Comedy,106996448,187552201,99.64,121,5.25,1,35.0,1.752882497557302
Movie 319,Horror,78633091,117395032,79.8,126,6.05,1,27.0,1.4929469324816445
Movie 320,Thriller,56403796,104309319,75.62,132,4.91,1,53.0,1.84933154144448
Movie 321,Thriller,106797503,221057495,22.33,138,8.81,1,53.0,2.069875126200282
Movie 322,Adventure,158725830,346936493,34.26,117,8.6,1,12.0,2.1857595137476995
Movie 323,Animation,144623362,264834731,47.1,148,8.22,1,16.0,1.8312029767362206
Movie 324,Thriller,141071312,324965549,77.56,166,5.53,1,53.0,2.3035551622288732
Movie 325,Comedy,25947744,22138488,91.58,171,7.15,0,35.0,0.8531950985796685
Movie 326,Romance,183708911,189212136,19.72,177,8.42,1,10749.0,1.0299562224284264
Movie 327,N/A,134894603,343554634,92.31,132,8.1,1,N/A,2.546837503943727
Movie 328,Romance,38856186,50758610,69.87,94,5.49,1,10749.0,1.3063199254811062
Movie 329,Adventure,49673237,27679644,61.47,175,3.67,0,12.0,0.5572345526827656
Movie 330,N/A,66293686,58635298,20.78,105,3.45,0,N/A,0.8844778671682247
Movie 331,Comedy,2983509,3159643,6.5,127,6.46,1,35.0,1.0590358534195807
Movie 332,Horror,118556893,343021514,57.28,174,6.86,1,27.0,2.89330721580229
Movie 333,Animation,153516645,296686816,65.5,98,8.1,1,16.0,1.9326035688182217
Movie 334,Thriller,178780965,506276737,21.87,88,4.76,1,53.0,2.831826850246613
Movie 335,Action,78729132,152569844,56.09,143,4.0,1,28.0,1.9379083717066765
Movie 336,Horror,74214389,126044686,85.79,172,5.27,1,27.0,1.6983860906003012
Movie 337,Comedy,134568263,172828607,83.67,133,5.12,1,35.0,1.2843192231737435
Movie 338,Romance,27365210,55166275,92.81,130,3.79,1,10749.0,2.0159273398596245
Movie 339,Animation,193463073,164055730,37.22,118,7.03,0,16.0,0.847995058984719
Movie 340,Adventure,162398036,445888828,32.49,83,6.05,1,12.0,2.7456540669001686
Movie 341,Science Fiction,12326237,31719487,75.19,82,7.33,1,878.0,2.573330936278444
Movie 342,Science Fiction,87343264,113007214,43.68,143,5.12,1,878.0,1.2938286116717599
Movie 343,Romance,62864219,181174290,9.67,108,4.95,1,10749.0,2.8819938095468904
Movie 344,Horror,189652398,486079459,29.0,90,5.84,1,27.0,2.5630019136378124
Movie 345,Drama,34255876,74190253,42.44,176,8.26,1,18.0,2.1657672102736476
Movie 346,Animation,184331835,148277408,29.96,137,3.24,0,16.0,0.804404773597572
Movie 347,Science Fiction,151118204,256233768,33.89,154,7.83,1,878.0,1.6955850534062726
Movie 348,Animation,133166290,235074308,30.08,106,5.21,1,16.0,1.7652688829883298
Movie 349,Thriller,41820227,45223489,5.11,176,8.13,1,53.0,1.081378372240782
Movie 350,Adventure,105436258,73796258,64.07,100,7.81,0,12.0,0.699913477581877
Movie 351,Science Fiction,80688895,197026876,60.13,118,5.09,1,878.0,2.4418090742226672
Movie 352,Horror,88927856,71594716,65.68,174,7.16,0,27.0,0.8050876206888424
Movie 353,Science Fiction,188276799,373866299,20.04,125,3.96,1,878.0,1.9857268712115719
Movie 354,Thriller,13707035,38943371,30.27,145,8.38,1,53.0,2.8411228978404157
Movie 355,N/A,140348125,377573365,62.34,170,5.43,1,N/A,2.6902629800006235
Movie 356,Comedy,71560220,85470207,60.36,115,5.73,1,35.0,1.1943815572394831
Movie 357,Drama,127960685,336360219,51.13,154,7.23,1,18.0,2.628621587951018
Movie 358,Drama,172216244,86251279,35.69,161,7.93,0,18.0,0.5008312630485658
Movie 359,Science Fiction,37481541,20398186,91.38,144,4.42,0,878.0,0.5442195132798836
Movie 360,Drama,67385640,135201396,34.64,142,6.97,1,18.0,2.0063829029449005
Movie 361,Horror,67880548,95847031,46.11,178,5.35,1,27.0,1.4119955395763746
Movie 362,Romance,79384476,116389716,68.13,114,5.21,1,10749.0,1.4661520975461249
Movie 363,Drama,126218996,241217467,54.76,110,7.14,1,18.0,1.9111027233967224
Movie 364,Action,43058334,42173749,35.34,107,5.32,0,28.0,0.9794561257293419
Movie 365,Adventure,113184418,116510724,44.13,80,5.08,1,12.0,1.0293883739367728
Movie 366,Comedy,184960251,316560203,79.65,104,8.02,1,35.0,1.7115039652492685
Movie 367,Thriller,174986784,417454397,28.53,122,3.61,1,53.0,2.38563386021198
Movie 368,Science Fiction,56174259,115086697,15.08,163,7.06,1,878.0,2.048744372400177
Movie 369,Action,191906558,238614238,32.0,146,4.49,1,28.0,1.2433876178426377
Movie 370,Horror,44369428,69919250,85.1,142,3.09,1,27.0,1.575842943028249
Movie 371,Romance,15650271,14502509,9.81,130,4.0,0,10749.0,0.92666184502492
Movie 372,Drama,166943254,114618987,99.18,81,6.64,0,18.0,0.6865745350812439
Movie 373,Action,80348896,197396354,54.56,161,7.25,1,28.0,2.456740090118973
Movie 374,Science Fiction,19992383,23260508,98.5,143,3.13,1,878.0,1.1634685069808837
Movie 375,Action,192094911,181417501,93.96,153,3.22,0,28.0,0.9444159663344751
Movie 376,Adventure,85574185,190748721,45.83,148,8.42,1,12.0,2.229045137853197
Movie 377,Romance,137206901,280605837,20.65,88,3.44,1,10749.0,2.0451291804921676
Movie 378,Animation,37635193,78393130,17.32,81,8.37,1,16.0,2.082974039750507
Movie 379,Thriller,33474983,35893099,24.76,113,4.37,1,53.0,1.0722365116660402
Movie 380,Thriller,34999533,37855979,71.3,139,7.44,1,53.0,1.0816138318188417
Movie 381,Horror,149934423,157731998,28.02,140,4.86,1,27.0,1.052006569565416
Movie 382,Adventure,92992689,86890647,34.8,110,8.15,0,12.0,0.9343814866994544
Movie 383,Action,199184878,426118038,45.43,89,7.2,1,28.0,2.139309179886638
Movie 384,Horror,199198934,521909117,91.41,155,5.41,1,27.0,2.620039708646232
Movie 385,Horror,65785345,152016359,19.75,115,3.46,1,27.0,2.310793672967741
Movie 386,Science Fiction,18882750,46833640,1.5,164,7.4,1,878.0,2.480234076074724
Movie 387,Romance,79725274,120544301,6.95,128,6.7,1,10749.0,1.5119960704054778
Movie 388,N/A,195521577,417475615,90.57,149,3.02,1,N/A,2.1351894834604366
Movie 389,Action,11192257,15507886,65.1,128,3.06,1,28.0,1.3855905917814433
Movie 390,Thriller,44167705,80109685,28.03,82,7.85,1,53.0,1.8137615481719052
Movie 391,Adventure,156348071,266430733,18.54,153,4.56,1,12.0,1.7040871134252753
Movie 392,Adventure,41869792,39450465,30.13,84,6.82,0,12.0,0.9422178404898691
Movie 393,Animation,50913224,74725181,12.36,169,5.73,1,16.0,1.4676968993360153
Movie 394,Animation,65356138,190157323,94.21,140,8.18,1,16.0,2.909555687026672
Movie 395,Comedy,92959541,104249537,78.64,164,8.5,1,35.0,1.1214506427048732
Movie 396,Horror,188225564,157075991,46.78,169,8.98,0,27.0,0.8345093390183705
Movie 397,Animation,193332313,298979055,86.63,105,3.92,1,16.0,1.5464515494624016
Movie 398,Science Fiction,27658609,68478410,25.7,151,8.18,1,878.0,2.475844320298248
Movie 399,Thriller,165241932,323109211,71.99,84,4.6,1,53.0,1.9553705714358265
Movie 400,Drama,83008891,182821858,85.76,94,6.54,1,18.0,2.2024370618323283
Movie 401,Romance,49715257,48434448,36.32,95,6.03,0,10749.0,0.9742371039135934
Movie 402,Thriller,23268806,47639866,75.99,80,3.11,1,53.0,2.0473704581146106
Movie 403,Horror,7512440,9831913,30.21,95,8.6,1,27.0,1.3087509517546896
Movie 404,Animation,13431395,34730342,30.59,116,3.47,1,16.0,2.585758366871051
Movie 405,Romance,30093907,62392102,11.6,82,7.13,1,10749.0,2.0732469865079333
Movie 406,Drama,108219264,107909832,44.57,131,7.71,0,18.0,0.9971406939156415
Movie 407,Action,37253447,24644708,73.24,126,7.77,0,28.0,0.6615416823039221
Movie 408,Thriller,63134783,38296487,94.08,174,3.81,0,53.0,0.6065830146276102
Movie 409,Animation,94560813,135082146,60.78,92,5.69,1,16.0,1.4285214108723874
Movie 410,Drama,197678031,230221338,86.45,159,7.98,1,18.0,1.1646278386898745
Movie 411,Adventure,65447435,138436070,82.43,134,4.82,1,12.0,2.1152252949256147
Movie 412,Romance,50895282,88981981,18.16,100,5.81,1,10749.0,1.7483345705796463
Movie 413,Thriller,110500886,128738857,49.1,145,4.64,1,53.0,1.1650481879394161
Movie 414,Animation,119613134,104433562,12.58,133,5.78,0,16.0,0.8730944379402349
Movie 415,Action,3503771,2866082,68.53,106,8.33,0,28.0,0.8179992356806424
Movie 416,Thriller,71286689,189740285,95.04,117,5.73,1,53.0,2.661650971052955
Movie 417,Romance,136213889,151019646,14.57,169,6.34,1,10749.0,1.1086949143636886
Movie 418,Horror,5183839,11037827,73.65,137,5.42,1,27.0,2.129276584400094
Movie 419,Romance,68775190,173775291,63.59,141,5.76,1,10749.0,2.526714808057964
Movie 420,Adventure,155370901,316211367,58.78,125,3.09,1,12.0,2.0352032778647526
Movie 421,Action,68227698,180729241,39.62,168,4.7,1,28.0,2.648913070465898
Movie 422,N/A,121680088,180206300,36.16,90,5.62,1,N/A,1.4809843004058314
Movie 423,Comedy,130027769,375852479,5.48,151,6.8,1,35.0,2.890555470501074
Movie 424,Drama,184157310,153377719,22.57,87,5.7,0,18.0,0.832862507602875
Movie 425,Horror,191442685,144610793,2.5,176,5.03,0,27.0,0.7553738237634935
Movie 426,N/A,157943484,339062073,58.56,150,5.33,1,N/A,2.146730364641064
Movie 427,Science Fiction,114531029,327224066,11.48,143,4.45,1,878.0,2.8570778491826876
Movie 428,Romance,122690425,309450851,87.43,100,8.55,1,10749.0,2.5222086483113904
Movie 429,Action,131997589,91215897,52.79,151,6.13,0,28.0,0.6910421447167493
Movie 430,Action,2079600,2492232,70.27,142,3.08,1,28.0,1.1984189267166763
Movie 431,Science Fiction,161409267,456109856,41.67,164,3.12,1,878.0,2.8257972077898104
Movie 432,Comedy,167793897,190051100,56.5,143,8.84,1,35.0,1.1326460818774595
Movie 433,Science Fiction,44381573,108864716,94.32,99,4.33,1,878.0,2.4529260375696915
Movie 434,Horror,160267818,410739250,9.19,87,7.83,1,27.0,2.562830486654532
Movie 435,Comedy,9849851,17125248,26.14,137,3.35,1,35.0,1.7386301579587347
Movie 436,Thriller,61779108,90560281,78.22,125,8.53,1,53.0,1.4658722654266876
Movie 437,Action,96534048,156897857,10.77,110,8.25,1,28.0,1.6253110715920667
Movie 438,Adventure,67009351,71526567,8.49,172,6.43,1,12.0,1.067411725864947
Movie 439,Action,86871668,236593014,36.79,88,3.05,1,28.0,2.723477279151587
Movie 440,Science Fiction,93526139,152124861,10.12,94,4.55,1,878.0,1.6265491404493881
Movie 441,Animation,122637867,331876292,58.92,173,5.44,1,16.0,2.706148599273991
Movie 442,Drama,120193195,91855690,23.4,105,5.76,0,18.0,0.7642336989211411
Movie 443,Comedy,85890726,255154564,89.67,89,4.79,1,35.0,2.970688174180761
Movie 444,Science Fiction,99129091,159417691,78.57,108,3.2,1,878.0,1.6081827180277484
Movie 445,Science Fiction,127800645,79182346,70.27,159,6.54,0,878.0,0.619577045170625
Movie 446,Drama,30549535,18178641,62.08,115,6.14,0,18.0,0.5950545892106051
Movie 447,Horror,135667123,320923040,86.48,163,4.7,1,27.0,2.3655181366232703
Movie 448,Drama,157138845,337469629,23.08,116,3.23,1,18.0,2.1475888345749263
Movie 449,N/A,175526510,439751198,87.44,165,8.97,1,N/A,2.5053263920076803
Movie 450,Action,52592034,40149749,79.16,150,5.89,0,28.0,0.7634188287906872
Movie 451,Romance,54386038,32029415,75.07,102,7.54,0,10749.0,0.5889271617836916
Movie 452,N/A,58351079,103365915,56.56,120,5.71,1,N/A,1.7714482194922223
Movie 453,Adventure,166748531,244951604,25.38,172,3.26,1,12.0,1.4689880776221051
Movie 454,Science Fiction,34266319,56706212,42.93,159,4.86,1,878.0,1.6548673348893996
Movie 455,Science Fiction,165720908,493677782,79.56,107,4.92,1,878.0,2.978971017947838
Movie 456,Horror,138597297,405656948,4.15,127,8.03,1,27.0,2.926874887033331
Movie 457,Thriller,71009467,202788017,78.42,117,6.93,1,53.0,2.8557884683178933
Movie 458,Science Fiction,117372585,288690395,24.77,110,4.65,1,878.0,2.4596066875412177
Movie 459,Animation,45910237,63682245,15.29,93,8.81,1,16.0,1.3871033817577547
Movie 460,Adventure,177383634,271455022,12.45,176,4.93,1,12.0,1.5303273243347806
Movie 461,N/A,195073232,365575061,3.7,152,8.99,1,N/A,1.8740401092037067
Movie 462,Romance,103310007,266161304,52.84,170,8.98,1,10749.0,2.5763361336332116
Movie 463,Comedy,90473854,60778713,22.61,167,4.15,0,35.0,0.671782070873205
Movie 464,Adventure,7319707,11424175,98.95,156,4.88,1,12.0,1.5607421171366558
Movie 465,Romance,69532150,49127534,57.87,169,5.92,0,10749.0,0.7065441525970361
Movie 466,Science Fiction,4695961,8390010,14.65,108,6.98,1,878.0,1.7866438839675203
Movie 467,Thriller,109880612,301869737,69.19,130,6.17,1,53.0,2.7472520538928196
Movie 468,Adventure,109011636,267755722,89.88,128,8.82,1,12.0,2.4562123074641318
Movie 469,Romance,79911293,85473601,74.77,122,7.34,1,10749.0,1.0696060317782619
Movie 470,Action,101846358,299425962,8.57,171,4.27,1,28.0,2.9399771172966243
Movie 471,Thriller,37396424,81089508,89.69,171,3.63,1,53.0,2.1683759923141315
Movie 472,Horror,5294539,2785294,79.6,151,7.13,0,27.0,0.5260692196242204
Movie 473,Action,146826804,167167266,16.67,166,3.95,1,28.0,1.1385337107794025
Movie 474,Comedy,173716665,200083944,6.13,172,7.73,1,35.0,1.151783244284594
Movie 475,N/A,136021056,91560637,56.17,84,4.87,0,N/A,0.6731357606869336
Movie 476,Science Fiction,21840174,63327032,16.45,121,4.96,1,878.0,2.8995662763492636
Movie 477,Action,2043233,3464584,83.62,86,3.06,1,28.0,1.695638236069993
Movie 478,Comedy,135747253,371884553,36.48,121,7.21,1,35.0,2.7395364899207206
Movie 479,Thriller,117376111,153239062,91.38,115,3.68,1,53.0,1.3055387565192034
Movie 480,Thriller,152171559,123728248,57.0,106,7.64,0,53.0,0.8130839219436531
Movie 481,Adventure,129565108,218426077,19.08,137,5.95,1,12.0,1.6858402726758812
Movie 482,Animation,57996736,45521150,14.82,125,7.71,0,16.0,0.7848915842436375
Movie 483,Comedy,75583311,129628307,58.07,145,6.5,1,35.0,1.7150387471117798
Movie 484,Adventure,72709884,203641695,76.43,104,3.49,1,12.0,2.8007429498856027
Movie 485,Science Fiction,138917119,250317584,78.37,152,7.59,1,878.0,1.8019203522353497
Movie 486,N/A,183704988,374987681,28.3,106,3.42,1,N/A,2.0412493154513585
Movie 487,Thriller,192555830,171682025,21.22,80,5.87,0,53.0,0.8915960893004382
Movie 488,Animation,16192217,9866550,2.66,166,4.03,0,16.0,0.6093390423312632
Movie 489,Action,187713743,145857314,68.24,153,7.51,0,28.0,0.777019900988283
Movie 490,Science Fiction,145510386,290486594,8.58,121,8.47,1,878.0,1.9963289355853953
Movie 491,Drama,34698788,25591371,42.66,131,6.32,0,18.0,0.7375292474192471
Movie 492,Comedy,62819576,90459072,60.57,104,6.16,1,35.0,1.4399822119143242
Movie 493,N/A,127184732,238500606,93.77,133,7.58,1,N/A,1.8752298507025198
Movie 494,Science Fiction,126838555,186659675,31.87,146,3.03,1,878.0,1.4716319891849918
Movie 495,Comedy,198579844,180550681,25.73,85,8.51,0,35.0,0.9092095016450914
Movie 496,Adventure,136965742,162232944,65.76,137,4.18,1,12.0,1.1844782617247458
Movie 497,Action,175928880,496259099,62.3,149,8.9,1,28.0,2.82079382873352
Movie 498,Horror,185514285,406268063,33.88,132,7.42,1,27.0,2.189955684544724
Movie 499,Romance,181433853,315716603,92.88,145,7.65,1,10749.0,1.7401195960932385
Movie 500,Romance,70397491,37436486,84.64,137,6.94,0,10749.0,0.5317872195189456
Movie 501,Horror,158512907,472533078,23.17,161,5.83,1,27.0,2.98103849675787
Movie 502,Thriller,74706383,162758115,24.68,166,6.43,1,53.0,2.178637332769812
Movie 503,Science Fiction,152759065,197411485,51.72,81,3.28,1,878.0,1.2923061881794053
Movie 504,Horror,58399769,157572601,77.58,155,6.74,1,27.0,2.6981716485899114
Movie 505,Science Fiction,155497574,178212512,5.36,101,6.76,1,878.0,1.1460790507252545
Movie 506,Horror,146188451,271916578,69.64,116,8.35,1,27.0,1.860041447460169
Movie 507,Horror,117710653,246036088,65.18,99,6.03,1,27.0,2.090176901830627
Movie 508,Adventure,107402148,113057776,23.92,103,3.46,1,12.0,1.0526584254162217
Movie 509,Adventure,101952086,300350151,68.45,163,4.84,1,12.0,2.945993189388984
Movie 510,Action,51018037,120937224,94.08,144,6.93,1,28.0,2.3704797579726558
Movie 511,N/A,44351876,84026095,5.63,144,4.44,1,N/A,1.8945330519953654
Movie 512,Thriller,51166883,48684598,32.65,160,4.68,0,53.0,0.9514864917606961
Movie 513,Horror,195579233,124123483,44.38,80,7.92,0,27.0,0.6346455147413325
Movie 514,Comedy,47787763,62131240,90.03,173,6.51,1,35.0,1.3001495801341443
Movie 515,Adventure,66732489,159021408,96.26,82,6.05,1,12.0,2.3829683319619623
Movie 516,Animation,4693305,5506787,44.97,125,4.91,1,16.0,1.1733281770522053
Movie 517,Drama,14470137,26753699,75.25,134,7.39,1,18.0,1.848890511541114
Movie 518,N/A,5466271,12681026,53.63,154,4.73,1,N/A,2.3198677855525274
Movie 519,Comedy,189934912,146223155,54.24,167,7.42,0,35.0,0.7698592821102842
Movie 520,Thriller,170124855,376527991,28.53,165,3.42,1,53.0,2.2132450370053216
Movie 521,Drama,145713028,106323477,22.48,143,8.19,0,18.0,0.7296772187041505
Movie 522,Drama,163927107,477490869,29.51,124,6.0,1,18.0,2.9128243506426306
Movie 523,Horror,35654999,61361730,56.08,105,5.63,1,27.0,1.7209853238251387
Movie 524,Science Fiction,28451727,24943352,3.89,156,6.67,0,878.0,0.8766902620709105
Movie 525,Science Fiction,75815222,102802339,90.82,144,6.75,1,878.0,1.3559590843115912
Movie 526,Thriller,29997889,46002996,16.47,103,3.79,1,53.0,1.5335411101761194
Movie 527,N/A,114865200,275155282,22.79,153,7.54,1,N/A,2.395462524768163
Movie 528,N/A,100967871,238138727,52.31,114,4.66,1,N/A,2.358559456997959
Movie 529,Drama,49978079,101448066,71.3,103,8.43,1,18.0,2.029851247383878
Movie 530,Horror,12726298,9733413,10.48,107,7.91,0,27.0,0.7648267390878322
Movie 531,N/A,56723671,49855763,32.45,179,5.08,0,N/A,0.8789234215817943
Movie 532,Animation,57564401,42274852,96.9,159,7.85,0,16.0,0.7343922852597736
Movie 533,Comedy,47673570,92626502,26.97,95,5.14,1,35.0,1.9429319432129795
Movie 534,Romance,79547323,214208698,31.99,138,3.61,1,10749.0,2.6928460936391283
Movie 535,Science Fiction,16033888,25405716,83.81,160,8.77,1,878.0,1.5845012762968034
Movie 536,N/A,90132960,81310785,5.97,133,6.92,0,N/A,0.902120434078721
Movie 537,Action,196922610,373189182,47.0,158,5.74,1,28.0,1.8951058083172876
Movie 538,Action,35958762,90953392,38.58,95,5.39,1,28.0,2.5293805164927536
Movie 539,Science Fiction,18028708,42444629,32.34,94,4.95,1,878.0,2.3542801292250117
Movie 540,Action,5035851,13615062,29.28,177,8.89,1,28.0,2.703626854726242
Movie 541,Adventure,48685442,58167187,10.05,90,3.81,1,12.0,1.194755241207423
Movie 542,Adventure,35045504,34515779,32.17,144,4.89,0,12.0,0.984884651680284
Movie 543,Action,102750176,277378334,5.26,158,5.91,1,28.0,2.699541205652047
Movie 544,Adventure,114751207,246015202,78.32,169,5.87,1,12.0,2.1439007783159965
Movie 545,Adventure,131355017,167782695,40.42,147,5.83,1,12.0,1.2773223195578438
Movie 546,Science Fiction,83396202,196470620,44.95,122,4.05,1,878.0,2.3558701150443278
Movie 547,Adventure,36610155,92909103,89.47,148,3.87,1,12.0,2.537795947599785
Movie 548,Animation,103912284,211715625,66.15,178,4.53,1,16.0,2.037445592091884
Movie 549,Science Fiction,30469068,67632503,1.8,92,8.49,1,878.0,2.2197102648495846
Movie 550,Action,117346891,168762403,94.37,89,3.68,1,28.0,1.438149758905841
Movie 551,Romance,165402782,305455796,24.48,154,7.54,1,10749.0,1.8467391679058942
Movie 552,Thriller,10702701,19376147,11.65,161,7.55,1,53.0,1.8103978612501648
Movie 553,Action,79262145,207676289,77.04,177,7.86,1,28.0,2.6201194656036626
Movie 554,Horror,168345404,437682891,50.55,120,8.32,1,27.0,2.5999099506155807
Movie 555,Action,138193970,356775534,43.94,129,4.58,1,28.0,2.5817011697398953
Movie 556,Thriller,104312086,55032869,25.7,166,4.35,0,53.0,0.527579028570093
Movie 557,Action,38317456,90960418,55.2,150,5.79,1,28.0,2.3738637032688183
Movie 558,Romance,132952729,318646605,28.16,138,4.59,1,10749.0,2.3966909697656527
Movie 559,Animation,28812615,63270977,90.26,118,7.41,1,16.0,2.195947053052977
Movie 560,Romance,45653148,109141229,22.31,82,6.82,1,10749.0,2.390661625349472
Movie 561,Comedy,140050905,364822233,88.55,155,8.25,1,35.0,2.604925923184859
Movie 562,Horror,100952217,169175486,56.38,86,3.5,1,27.0,1.6757976300807738
Movie 563,Drama,121794109,213763950,83.02,128,8.49,1,18.0,1.755125529100919
Movie 564,Comedy,9454561,7675072,71.57,105,4.76,0,35.0,0.811785126776378
Movie 565,Animation,46932658,68683115,69.97,112,5.94,1,16.0,1.4634397011991096
Movie 566,N/A,137815208,290571369,33.11,127,5.63,1,N/A,2.10841294815591
Movie 567,Horror,24151417,59195109,24.16,158,7.56,1,27.0,2.450999417549703
Movie 568,Action,40673332,42423210,21.88,81,5.52,1,28.0,1.0430227353883867
Movie 569,Action,154917041,130836309,85.86,150,8.66,0,28.0,0.8445572427374209
Movie 570,Horror,17934380,38695308,82.22,111,8.42,1,27.0,2.157605002235929
Movie 571,Science Fiction,11617244,5863219,44.62,83,8.23,0,878.0,0.5046996516557628
Movie 572,Romance,169303991,160149971,14.11,99,3.43,0,10749.0,0.9459314576937528
Movie 573,Science Fiction,185451800,106204249,38.84,115,8.13,0,878.0,0.5726784479848672
Movie 574,Drama,130195004,119416523,62.32,111,7.69,0,18.0,0.9172127910530269
Movie 575,Comedy,138587448,132115164,45.99,107,3.62,0,35.0,0.9532981947975548
Movie 576,Thriller,3640328,5348311,78.24,156,3.64,1,53.0,1.4691838207985655
Movie 577,Horror,26856919,40441626,99.76,80,3.61,1,27.0,1.5058177745555996
Movie 578,Animation,58658082,157535440,19.92,139,3.07,1,16.0,2.6856561726651753
Movie 579,Drama,190613154,338390629,46.51,135,6.29,1,18.0,1.775274276191873
Movie 580,Adventure,162566703,375287170,43.67,114,8.84,1,12.0,2.308511909723604
Movie 581,Comedy,12552291,9544051,31.14,109,5.63,0,35.0,0.7603433508671843
Movie 582,N/A,1070640,1138729,20.61,133,6.24,1,N/A,1.0635965403870582
Movie 583,Thriller,114442790,258338416,7.5,115,8.81,1,53.0,2.2573585981257533
Movie 584,Romance,78498463,49611805,88.82,134,4.53,0,10749.0,0.6320098904356891
Movie 585,Comedy,122562775,210378286,42.57,168,8.15,1,35.0,1.716494147590898
Movie 586,Animation,198193764,396074860,50.19,159,6.28,1,16.0,1.9984224125235344
Movie 587,Animation,4741196,9507824,91.78,137,6.42,1,16.0,2.0053640473838246
Movie 588,Adventure,20511512,11431722,77.85,162,5.06,0,12.0,0.5573319997082614
Movie 589,Animation,175478184,229046411,13.92,144,6.37,1,16.0,1.3052700100885475
Movie 590,Comedy,12720477,26601400,56.98,148,3.44,1,35.0,2.091226610448649
Movie 591,Animation,119338832,104123052,44.78,130,7.59,0,16.0,0.8724993386896899
Movie 592,Comedy,148435376,332278396,79.92,101,4.71,1,35.0,2.238539120216194
Movie 593,N/A,23558781,55712112,72.7,167,8.33,1,N/A,2.364813018126872
Movie 594,Drama,60946863,180093285,69.35,132,5.21,1,18.0,2.9549229629751412
Movie 595,Adventure,63784216,65353625,34.71,179,3.86,1,12.0,1.024604974371716
Movie 596,Comedy,33425301,85663252,80.69,115,7.18,1,35.0,2.562826644403292
Movie 597,Horror,89146618,160530009,6.19,147,3.99,1,27.0,1.8007414369886696
Movie 598,Romance,161996370,232247147,16.8,115,7.52,1,10749.0,1.433656488722556
Movie 599,Adventure,61995760,49964980,34.23,131,8.81,0,12.0,0.8059418902195892
Movie 600,Drama,47547339,111202005,8.6,132,7.68,1,18.0,2.3387640052790335
Movie 601,N/A,91372540,99563539,24.26,161,3.13,1,N/A,1.0896439893210805
Movie 602,Drama,131489576,187840091,83.18,129,6.6,1,18.0,1.4285549981543784
Movie 603,N/A,149791186,98316278,94.88,159,7.17,0,N/A,0.6563555615348422
Movie 604,Adventure,124637835,312020511,31.16,120,7.95,1,12.0,2.5034172889797066
Movie 605,Horror,183128904,442525742,27.19,97,3.34,1,27.0,2.416471307008969
Movie 606,N/A,30264326,70638134,28.71,101,5.88,1,N/A,2.334039555349754
Movie 607,Action,83896667,104754114,28.49,145,6.21,1,28.0,1.2486087677356719
Movie 608,Comedy,54953229,51309840,4.56,100,4.01,0,35.0,0.9337001834778444
Movie 609,Thriller,57294783,119968581,92.76,179,4.93,1,53.0,2.0938831551207726
Movie 610,Thriller,194363507,338273349,22.16,123,5.64,1,53.0,1.7404159567876083
Movie 611,Comedy,47977874,45369372,42.58,126,8.0,0,35.0,0.9456311465572651
Movie 612,Drama,30365614,67253099,1.96,118,8.58,1,18.0,2.214778169807467
Movie 613,Adventure,90268367,268802594,85.94,108,6.77,1,12.0,2.977816071492686
Movie 614,N/A,48010676,113691631,73.38,133,5.37,1,N/A,2.368048952278864
Movie 615,Drama,126430852,297108199,94.73,169,4.52,1,18.0,2.349965964003786
Movie 616,Thriller,186588834,536588788,78.38,164,8.89,1,53.0,2.875781880924343
Movie 617,Adventure,172544971,173811609,32.06,96,8.9,1,12.0,1.007340915198276
Movie 618,Action,70426200,134786937,25.54,159,8.55,1,28.0,1.9138749073498216
Movie 619,Adventure,109352980,322494709,70.07,139,7.71,1,12.0,2.949116786757892
Movie 620,Horror,11198499,10226864,37.05,110,4.95,0,27.0,0.9132352469737239
Movie 621,Action,38342772,86295389,57.06,152,7.9,1,28.0,2.250629897076821
Movie 622,Romance,179580630,352790702,1.62,174,5.45,1,10749.0,1.9645253611149487
Movie 623,Romance,135415503,266253654,7.13,157,4.96,1,10749.0,1.9661977255292549
Movie 624,Adventure,171158648,384110227,54.0,128,7.47,1,12.0,2.244176566526747
Movie 625,Comedy,124291756,351005177,57.04,81,3.48,1,35.0,2.8240423041412335
Movie 626,Horror,158832377,390164562,75.39,127,3.29,1,27.0,2.456454844845645
Movie 627,Action,18310852,11725175,14.06,93,5.69,0,28.0,0.6403402201055418
Movie 628,N/A,55564054,146234591,51.81,138,5.67,1,N/A,2.631820043224348
Movie 629,Animation,198206748,210862907,20.25,176,8.37,1,16.0,1.0638533204732263
Movie 630,Action,165991210,239406700,10.23,178,3.76,1,28.0,1.4422854077634593
Movie 631,Action,79733130,131905071,41.64,137,3.74,1,28.0,1.6543320323684771
Movie 632,Horror,134796590,229459517,17.17,137,3.88,1,27.0,1.7022649979498738
Movie 633,Science Fiction,78273675,124294760,22.96,130,3.18,1,878.0,1.5879509937408713
Movie 634,Horror,3276360,9315947,32.44,163,3.43,1,27.0,2.8433832057527257
Movie 635,Science Fiction,50437769,114243943,26.68,81,6.96,1,878.0,2.2650475083463744
Movie 636,Animation,106071545,220408886,9.67,120,5.59,1,16.0,2.0779266107606897
Movie 637,Animation,166883132,104236050,9.9,162,7.58,0,16.0,0.6246050679346071
Movie 638,Comedy,112586533,310714436,20.13,161,8.96,1,35.0,2.759783321509687
Movie 639,Horror,93800518,260153436,6.01,95,6.95,1,27.0,2.7734754727047455
Movie 640,Action,58849484,144212582,63.02,83,3.3,1,28.0,2.4505326503797384
Movie 641,Science Fiction,151652071,78491018,29.45,91,3.63,0,878.0,0.5175730043277813
Movie 642,Romance,45079273,28995016,28.69,108,8.29,0,10749.0,0.6432006123967439
Movie 643,Horror,93992904,99920026,33.87,86,6.16,1,27.0,1.0630592496642086
Movie 644,N/A,41201137,34129930,66.62,93,7.95,0,N/A,0.82837349852748
Movie 645,Action,73571674,110143422,87.19,91,8.14,1,28.0,1.4970900621345111
Movie 646,Drama,81497273,228726794,76.15,178,8.57,1,18.0,2.806557637824274
Movie 647,Action,93792001,157584732,73.03,84,8.7,1,28.0,1.6801510823934762
Movie 648,Action,81954884,43723468,48.95,160,6.33,0,28.0,0.5335065570954868
Movie 649,Thriller,58235484,70282322,69.69,111,5.05,1,53.0,1.2068642204467641
Movie 650,Thriller,96939748,59277421,55.72,153,8.77,0,53.0,0.6114872611387436
Movie 651,Romance,197400549,116608266,22.41,122,6.28,0,10749.0,0.5907190562068801
Movie 652,Romance,81768647,97247421,21.65,160,3.39,1,10749.0,1.1892996223846042
Movie 653,Thriller,24020885,28561573,30.34,148,6.86,1,53.0,1.1890308371236114
Movie 654,Thriller,2286643,5643015,91.17,124,6.53,1,53.0,2.4678163578660945
Movie 655,Thriller,42869822,125912381,55.19,88,8.37,1,53.0,2.937086629377654
Movie 656,Adventure,141418374,201947946,73.66,128,6.92,1,12.0,1.428017734102925
Movie 657,Romance,127223660,200023226,35.31,112,5.09,1,10749.0,1.5722171960781508
Movie 658,Romance,15509187,40509586,41.36,179,8.8,1,10749.0,2.6119735354277434
Movie 659,Science Fiction,162998627,190765043,13.43,179,7.81,1,878.0,1.170347545320121
Movie 660,N/A,6409861,5710894,17.96,97,6.78,0,N/A,0.890954421632544
Movie 661,Science Fiction,89825083,236484657,82.91,88,4.76,1,878.0,2.632724057711141
Movie 662,Romance,91197406,56200535,58.9,141,5.24,0,10749.0,0.6162514644331002
Movie 663,Adventure,190695762,390783023,34.42,136,7.02,1,12.0,2.0492485984035658
Movie 664,Romance,117595132,224016623,80.48,108,3.43,1,10749.0,1.9049821126949371
Movie 665,Animation,13831595,18877376,25.41,157,4.54,1,16.0,1.3648010948845741
Movie 666,Romance,76524262,98561244,97.63,104,7.28,1,10749.0,1.2879737932003839
Movie 667,Science Fiction,135666073,329620303,35.14,94,5.88,1,878.0,2.4296443149791767
Movie 668,Drama,77246546,55313279,34.39,85,5.41,0,18.0,0.7160615181421833
Movie 669,Drama,16814828,18361132,31.88,121,3.91,1,18.0,1.0919607384625047
Movie 670,Action,49763532,116004855,13.09,108,5.65,1,28.0,2.331121814263505
Movie 671,Romance,130716977,244545511,12.0,158,7.62,1,10749.0,1.8708014567992954
Movie 672,Horror,134833947,110559861,65.16,172,4.58,0,27.0,0.8199705152887055
Movie 673,Horror,39538877,106966067,87.64,83,3.03,1,27.0,2.705339026194396
Movie 674,Adventure,74851335,111050908,79.26,161,7.01,1,12.0,1.4836196041126053
Movie 675,N/A,45196734,116140733,14.97,136,8.84,1,N/A,2.569670919142078
Movie 676,Horror,104982440,259231305,55.01,128,6.64,1,27.0,2.4692825295354157
Movie 677,Action,90630668,186795572,11.45,123,3.72,1,28.0,2.061063612595242
Movie 678,Thriller,106967805,185717805,5.48,159,4.92,1,53.0,1.7362028228961042
Movie 679,Animation,109331512,322405192,65.98,154,8.21,1,16.0,2.9488770995868054
Movie 680,Science Fiction,173721659,149819761,53.98,93,4.4,0,878.0,0.8624126770513975
Movie 681,Science Fiction,154382256,357069070,9.12,82,6.65,1,878.0,2.312889312875438
Movie 682,Science Fiction,88580056,86629235,4.46,141,5.42,0,878.0,0.9779767468198485
Movie 683,Science Fiction,122848736,165312355,98.99,143,4.25,1,878.0,1.3456577607766351
Movie 684,Science Fiction,156030437,198431218,3.97,124,7.88,1,878.0,1.2717468579543874
Movie 685,Drama,111477445,319671603,45.01,161,7.46,1,18.0,2.8675899685357877
Movie 686,Science Fiction,53203051,155267275,50.96,137,6.97,1,878.0,2.9183904321577345
Movie 687,Drama,174519532,167109190,12.61,99,4.42,0,18.0,0.9575386094892806
Movie 688,Animation,140066015,77748950,17.74,137,3.59,0,16.0,0.5550878990881549
Movie 689,Adventure,186370428,428655730,35.83,168,6.46,1,12.0,2.300020097609048
Movie 690,Action,44750190,69137917,76.41,136,6.32,1,28.0,1.544974825805209
Movie 691,Horror,70334164,50788342,51.2,156,4.13,0,27.0,0.7221005996459985
Movie 692,Science Fiction,187404943,414049719,64.15,147,3.34,1,878.0,2.209385261518956
Movie 693,Thriller,119975349,223485739,98.53,157,3.48,1,53.0,1.8627638165903564
Movie 694,Comedy,190475579,562149062,77.03,176,8.96,1,35.0,2.951292049885303
Movie 695,Science Fiction,49518372,52911556,44.0,171,7.7,1,878.0,1.0685237390276077
Movie 696,Animation,13842659,20901649,45.2,131,8.53,1,16.0,1.5099446573089752
Movie 697,Drama,34978002,64931921,62.26,116,4.17,1,18.0,1.8563644944614046
Movie 698,Drama,137590867,341122153,66.87,87,8.76,1,18.0,2.479249970857441
Movie 699,Comedy,56553464,105873550,50.57,123,3.86,1,35.0,1.8720966411535818
Movie 700,Adventure,100204497,203640629,64.84,177,6.05,1,12.0,2.0322503989017577
Movie 701,Thriller,178018926,189655601,3.33,84,7.98,1,53.0,1.0653676283835125
Movie 702,Adventure,19892008,52063289,43.53,148,5.1,1,12.0,2.617296805832775
Movie 703,Drama,126881648,199404199,28.61,110,5.55,1,18.0,1.571576363825287
Movie 704,Action,36427853,31051067,13.79,124,3.77,0,28.0,0.8523990420187542
Movie 705,Comedy,192100046,415026345,10.86,88,3.74,1,35.0,2.1604697845829772
Movie 706,Comedy,74190814,77175223,60.72,111,6.72,1,35.0,1.0402261255685912
Movie 707,Comedy,11986868,8917106,52.84,112,7.05,0,35.0,0.7439062480708055
Movie 708,Animation,41480309,110128862,26.1,146,7.66,1,16.0,2.654967252052052
Movie 709,Comedy,94691765,156279825,47.62,109,6.34,1,35.0,1.650405660935774
Movie 710,Horror,40521538,96166090,49.73,155,6.87,1,27.0,2.373209279470093
Movie 711,Thriller,113347791,139017540,20.31,108,3.08,1,53.0,1.2264688951900262
Movie 712,Drama,196190712,484085933,65.56,82,3.97,1,18.0,2.4674253335703273
Movie 713,Adventure,173891082,135607189,78.31,169,8.91,0,12.0,0.7798398137519209
Movie 714,Adventure,133985867,186231436,79.35,136,3.46,1,12.0,1.3899334323074537
Movie 715,Adventure,92063625,271141603,60.64,109,7.07,1,12.0,2.9451545385053
Movie 716,Science Fiction,56454431,140287809,51.65,88,4.06,1,878.0,2.484974279521124
Movie 717,Action,66557447,116018936,7.04,105,7.3,1,28.0,1.7431398172468966
Movie 718,Drama,84845477,114494192,29.5,81,7.24,1,18.0,1.3494436715819278
Movie 719,N/A,78982667,211700342,10.23,141,4.41,1,N/A,2.680339244558556
Movie 720,Romance,191078359,355810718,96.42,82,4.62,1,10749.0,1.8621193936462475
Movie 721,Adventure,100471732,240736553,14.37,125,6.93,1,12.0,2.396062536276373
Movie 722,Science Fiction,118601287,282895997,16.03,147,5.34,1,878.0,2.385269200324951
Movie 723,Drama,192898745,105103619,89.07,104,4.17,0,18.0,0.544864192869684
Movie 724,Romance,3667867,2991638,94.45,130,7.39,0,10749.0,0.8156342637287557
Movie 725,Adventure,94837987,203813796,76.82,92,3.92,1,12.0,2.1490734087386314
Movie 726,Romance,113521305,102628882,1.54,123,8.13,0,10749.0,0.9040495262100802
Movie 727,Horror,57987271,66032040,1.13,114,6.09,1,27.0,1.13873336098193
Movie 728,Horror,176459001,505836469,38.43,134,3.63,1,27.0,2.866594881153158
Movie 729,N/A,180936571,343861927,15.2,166,7.16,1,N/A,1.9004556408886515
Movie 730,Animation,91864817,218346480,2.82,88,6.11,1,16.0,2.376823762681637
Movie 731,Drama,69452891,131609884,46.94,81,4.79,1,18.0,1.8949518458490087
Movie 732,Action,66432283,124977993,94.36,140,5.54,1,28.0,1.881284028730429
Movie 733,Horror,159461992,117265123,33.06,120,4.79,0,27.0,0.7353797699955987
Movie 734,Drama,43734307,59441832,66.45,123,4.58,1,18.0,1.3591579717954603
Movie 735,Horror,68606426,82744649,65.57,143,3.98,1,27.0,1.2060772412193574
Movie 736,Thriller,46791733,69103009,25.86,110,5.18,1,53.0,1.4768208948362738
Movie 737,Comedy,139795966,348911225,65.39,126,4.51,1,35.0,2.4958604671038933
Movie 738,Romance,156032720,223100524,22.02,81,7.1,1,10749.0,1.4298316660761923
Movie 739,N/A,128833288,209900610,13.08,175,7.1,1,N/A,1.6292420480644723
Movie 740,Romance,156506676,233735439,70.44,161,6.01,1,10749.0,1.4934534741508407
Movie 741,Horror,6562067,4813406,12.23,156,7.67,0,27.0,0.7335197888104464
Movie 742,Animation,174009356,278881383,99.69,148,8.05,1,16.0,1.602680392656588
Movie 743,Horror,91012399,90013372,19.16,137,6.48,0,27.0,0.9890231769409792
Movie 744,Adventure,162563548,157167777,59.82,123,6.71,0,12.0,0.9668082355092299
Movie 745,Action,36154828,26577061,41.73,153,4.7,0,28.0,0.7350902346983922
Movie 746,Horror,155306093,216135985,13.51,135,8.37,1,27.0,1.3916774340592033
Movie 747,Comedy,59842658,143245652,3.76,122,3.15,1,35.0,2.3937047047609417
Movie 748,Drama,44109628,52539164,62.65,168,5.09,1,18.0,1.1911042187886962
Movie 749,Thriller,14021573,17959850,80.87,113,7.33,1,53.0,1.2808726952389722
Movie 750,Adventure,53827729,113398157,84.36,109,3.48,1,12.0,2.106686629859491
Movie 751,Comedy,179838386,177968432,48.79,150,4.1,0,35.0,0.989602030792247
Movie 752,Adventure,165151551,452910758,77.97,149,6.54,1,12.0,2.742394820137051
Movie 753,Adventure,81155332,146118252,67.61,134,6.36,1,12.0,1.8004763014215752
Movie 754,Animation,190736856,308804371,72.7,146,7.43,1,16.0,1.6190073459111647
Movie 755,Comedy,186727425,353764532,49.77,92,7.88,1,35.0,1.8945504764498307
Movie 756,Horror,87966281,80496693,63.71,82,3.77,0,27.0,0.9150857815621419
Movie 757,Comedy,8136029,16546102,80.75,105,3.11,1,35.0,2.0336827707964167
Movie 758,N/A,195212716,274811060,40.39,136,7.14,1,N/A,1.4077518392807977
Movie 759,Adventure,172086852,472028358,80.79,103,4.81,1,12.0,2.7429658484310004
Movie 760,N/A,114245302,105349650,59.61,132,6.76,0,N/A,0.9221355115328944
Movie 761,Action,156714551,277012990,17.42,149,3.9,1,28.0,1.767627755255477
Movie 762,Science Fiction,7285088,14535801,3.44,122,5.81,1,878.0,1.9952814571354527
Movie 763,Comedy,119550901,69753049,36.91,139,6.03,0,35.0,0.583458998774087
Movie 764,Comedy,185125585,260885048,55.12,137,6.51,1,35.0,1.4092328080961904
Movie 765,Horror,110164720,256858748,84.14,128,6.08,1,27.0,2.331588080104048
Movie 766,Romance,8468810,21603458,13.62,121,5.97,1,10749.0,2.550943757151241
Movie 767,Animation,136852884,175569247,80.22,155,5.0,1,16.0,1.282904984304167
Movie 768,Comedy,26301054,65660138,86.44,179,3.43,1,35.0,2.4964831447439333
Movie 769,N/A,78264088,228483371,15.92,145,3.54,1,N/A,2.919389682276755
Movie 770,Science Fiction,140218773,370483916,85.31,90,5.6,1,878.0,2.64218483783195
Movie 771,N/A,72572282,57630372,99.15,177,5.13,0,N/A,0.7941099606045184
Movie 772,Action,128212314,301212501,72.96,169,6.1,1,28.0,2.349325829966691
Movie 773,Comedy,29267184,38022962,78.69,97,4.83,1,35.0,1.2991670807823534
Movie 774,Action,111933452,332558760,99.45,164,7.13,1,28.0,2.971039971142854
Movie 775,Action,5345760,9159411,60.94,179,8.18,1,28.0,1.7133973466822303
Movie 776,Animation,134973601,108800160,31.48,131,4.79,0,16.0,0.8060847394891687
Movie 777,Science Fiction,159148712,368105220,83.92,125,4.16,1,878.0,2.3129638648913478
Movie 778,Comedy,172023458,224925487,61.83,123,3.7,1,35.0,1.3075279942343678
Movie 779,Adventure,39019582,116773723,58.54,101,6.7,1,12.0,2.9926953856143306
Movie 780,Adventure,101532608,299465974,26.11,132,5.66,1,12.0,2.9494561392533125
Movie 781,Science Fiction,59720660,127822221,75.88,138,4.13,1,878.0,2.1403350364848612
Movie 782,Comedy,56229238,46364724,9.09,173,6.92,0,35.0,0.8245661091832687
Movie 783,Romance,19100699,42349162,92.5,109,3.89,1,10749.0,2.2171524717498556
Movie 784,Animation,2722320,1994306,33.26,87,6.33,0,16.0,0.7325758911516648
Movie 785,Animation,148516100,85160675,13.65,177,6.16,0,16.0,0.5734103911966447
Movie 786,Horror,164920642,421767409,44.79,136,7.41,1,27.0,2.5573961141868464
Movie 787,Drama,98278998,100675272,5.2,152,3.33,1,18.0,1.0243823609190643
Movie 788,Action,82550308,119497169,68.78,99,8.33,1,28.0,1.4475678152527305
Movie 789,Adventure,166875252,489552494,90.37,104,7.22,1,12.0,2.9336434739885817
Movie 790,Action,32206052,43223782,83.89,98,4.3,1,28.0,1.342101229917905
Movie 791,Romance,31413513,38991220,13.61,84,4.1,1,10749.0,1.2412244373941876
Movie 792,Horror,160546825,448811860,13.5,154,5.59,1,27.0,2.7955199986047683
Movie 793,N/A,13243026,10288124,81.53,158,7.91,0,N/A,0.7768710867138674
Movie 794,Animation,57024141,136798406,92.5,151,8.06,1,16.0,2.3989560140853325
Movie 795,Drama,76356616,226791665,46.61,162,6.12,1,18.0,2.9701639082591087
Movie 796,Thriller,18864557,51938653,50.4,166,8.16,1,53.0,2.7532400045227674
Movie 797,Horror,7195200,15319802,32.51,106,3.03,1,27.0,2.1291697242606182
Movie 798,Thriller,72086130,92641633,89.53,119,3.21,1,53.0,1.2851519841611694
Movie 799,Thriller,107222252,121783564,64.85,175,8.47,1,53.0,1.1358049446676424
Movie 800,Drama,188581132,480530703,29.54,105,7.65,1,18.0,2.548137758553703
Movie 801,Comedy,85729603,231431759,30.58,106,5.7,1,35.0,2.6995547733960694
Movie 802,Adventure,177707005,322287164,89.23,141,7.52,1,12.0,1.8135872809290776
Movie 803,Adventure,14832640,16476835,2.35,162,8.73,1,12.0,1.1108497880350363
Movie 804,N/A,31061031,24300846,32.95,129,7.63,0,N/A,0.7823579970671289
Movie 805,N/A,197119899,141521969,55.88,121,8.05,0,N/A,0.7179486683888774
Movie 806,Horror,81197726,186567496,15.67,108,7.56,1,27.0,2.2976936078234504
Movie 807,Romance,96282726,149266803,10.12,118,4.01,1,10749.0,1.5502968102502623
Movie 808,Animation,88220897,243789599,81.71,139,8.0,1,16.0,2.763399685224239
Movie 809,Drama,167261173,392926309,89.55,120,4.17,1,18.0,2.3491782459280013
Movie 810,Adventure,96856757,94740538,82.54,112,8.36,0,12.0,0.9781510442270951
Movie 811,Animation,82052418,166931012,89.98,162,5.75,1,16.0,2.0344435431506724
Movie 812,Action,87601594,139178227,55.76,162,7.06,1,28.0,1.5887636359676287
Movie 813,N/A,171430731,333111223,81.41,176,5.98,1,N/A,1.9431243223246828
Movie 814,Drama,17689088,41483968,39.02,95,3.56,1,18.0,2.3451727980549366
Movie 815,Drama,131883819,331752388,66.96,102,4.74,1,18.0,2.5154896977922667
Movie 816,Romance,112274973,292963950,98.89,86,8.9,1,10749.0,2.6093433128681314
Movie 817,Comedy,8102173,9195457,23.35,105,8.76,1,35.0,1.134937133531955
Movie 818,Adventure,180606266,104352313,39.6,175,4.92,0,12.0,0.577788995427213
Movie 819,Science Fiction,123332984,289615056,48.52,91,8.98,1,878.0,2.348236835005954
Movie 820,Animation,118922192,91077668,14.66,151,8.07,0,16.0,0.7658593107668248
Movie 821,Romance,39720111,51131658,9.02,84,6.67,1,10749.0,1.2872989705391307
Movie 822,Thriller,183733566,93620122,83.14,171,3.24,0,53.0,0.5095428344323323
Movie 823,Animation,124620654,274685568,97.7,148,8.41,1,16.0,2.2041736998106267
Movie 824,Action,196574678,180422142,41.07,128,6.34,0,28.0,0.9178300269173021
Movie 825,Science Fiction,23064334,49316297,9.68,105,8.21,1,878.0,2.138205985050338
Movie 826,Action,149899044,446602697,7.52,84,8.01,1,28.0,2.9793565394586508
Movie 827,Romance,62681549,42728581,89.24,101,8.0,0,10749.0,0.6816771710603386
Movie 828,N/A,72209537,50019187,46.92,158,7.19,0,N/A,0.692695024481323
Movie 829,Animation,110367730,149101310,32.68,92,4.75,1,16.0,1.3509502279334729
Movie 830,Comedy,121907878,325002292,48.17,107,5.02,1,35.0,2.6659662798822565
Movie 831,N/A,49840101,51775126,32.51,112,4.85,1,N/A,1.0388246604877467
Movie 832,Comedy,63468859,88916352,49.41,102,3.12,1,35.0,1.4009445482547591
Movie 833,Animation,185523489,124535149,86.1,176,6.5,0,16.0,0.6712635131608591
Movie 834,Adventure,164584805,396301814,59.64,97,7.19,1,12.0,2.4078882251614906
Movie 835,Drama,196798321,299284167,69.77,109,8.12,1,18.0,1.5207658555176393
Movie 836,Romance,118758049,284796270,37.1,105,3.84,1,10749.0,2.3981218317252755
Movie 837,Thriller,51011985,140743067,74.11,95,6.27,1,53.0,2.7590196107836227
Movie 838,Adventure,75062621,81210840,67.0,156,3.05,1,12.0,1.0819078646347828
Movie 839,Action,123415538,310820807,12.84,118,3.57,1,28.0,2.5184900705128395
Movie 840,Action,126235646,81767211,57.69,112,3.33,0,28.0,0.6477347214589452
Movie 841,Comedy,168061473,461684776,26.42,105,7.35,1,35.0,2.7471184665863304
Movie 842,Romance,154568563,328755179,80.61,127,3.49,1,10749.0,2.126921364986747
Movie 843,Romance,61084389,164046207,43.17,144,7.3,1,10749.0,2.6855667984171863
Movie 844,Thriller,58597408,29326303,99.47,117,4.5,0,53.0,0.50047099352927
Movie 845,Comedy,145538583,134288839,10.16,81,8.27,0,35.0,0.9227026691609331
Movie 846,Adventure,153347982,226096029,78.25,85,7.88,1,12.0,1.4743984632285543
Movie 847,Science Fiction,93525563,135495838,67.7,125,8.75,1,878.0,1.4487572558103714
Movie 848,Horror,102370985,109212024,76.98,129,8.3,1,27.0,1.0668259565930718
Movie 849,N/A,44558992,64790104,31.45,117,8.6,1,N/A,1.4540298398132525
Movie 850,Thriller,52628164,43266759,49.71,167,8.15,0,53.0,0.8221217635485061
Movie 851,Adventure,95804867,146763746,79.85,97,7.16,1,12.0,1.5319028207617051
Movie 852,Horror,94831305,237636422,24.02,106,4.02,1,27.0,2.5058858148161094
Movie 853,Adventure,128094160,217462273,23.38,120,4.63,1,12.0,1.697675155526216
Movie 854,Comedy,82251088,44826861,55.55,151,4.28,0,35.0,0.5450002193284057
Movie 855,Horror,36409403,56566016,52.83,171,6.62,1,27.0,1.5536100935244668
Movie 856,Thriller,17045907,9681010,28.94,153,6.02,0,53.0,0.5679375113333658
Movie 857,N/A,93924887,273848201,30.51,96,8.2,1,N/A,2.915608522371712
Movie 858,Romance,197972612,162067289,28.51,141,8.72,0,10749.0,0.8186348978413236
Movie 859,Action,183676001,416801404,77.38,108,5.43,1,28.0,2.2692208112697316
Movie 860,Animation,150951937,442582144,65.54,137,6.04,1,16.0,2.93194080709279
Movie 861,Science Fiction,70800140,181609271,83.41,149,8.83,1,878.0,2.56509762551317
Movie 862,N/A,93903549,211122263,97.57,157,4.66,1,N/A,2.248288432634213
Movie 863,Drama,37081386,96361628,47.94,101,7.75,1,18.0,2.5986522725984407
Movie 864,Animation,74658410,220578028,7.6,85,4.35,1,16.0,2.9544967271604095
Movie 865,Adventure,125825546,258365299,5.76,105,7.09,1,12.0,2.053361238742409
Movie 866,Animation,58395058,110831602,30.27,118,4.52,1,16.0,1.8979620158952493
Movie 867,Adventure,161045166,333459359,93.32,91,8.3,1,12.0,2.070595270149245
Movie 868,Romance,17663288,32353662,52.8,178,6.37,1,10749.0,1.8316896604980908
Movie 869,Romance,98148566,204906995,27.91,93,4.12,1,10749.0,2.0877227589855973
Movie 870,Animation,14081782,22877340,40.52,101,4.35,1,16.0,1.6246054654162378
Movie 871,Thriller,96632207,101087720,60.26,130,5.96,1,53.0,1.046107950323436
Movie 872,Science Fiction,116546206,93308998,65.64,102,8.77,0,878.0,0.8006180655936582
Movie 873,Drama,109664778,73568872,16.24,127,7.62,0,18.0,0.6708523314568694
Movie 874,Drama,60387253,69945918,97.73,150,5.93,1,18.0,1.1582894489338669
Movie 875,Romance,44669391,27485474,54.93,129,5.03,0,10749.0,0.6153089035845597
Movie 876,Science Fiction,69181511,132685084,14.43,168,6.3,1,878.0,1.9179269443825822
Movie 877,N/A,39660995,47972794,89.47,92,7.49,1,N/A,1.209571116407947
Movie 878,Horror,143452407,367429960,8.39,164,7.7,1,27.0,2.5613370154186397
Movie 879,Romance,158458712,108639638,90.87,89,4.95,0,10749.0,0.6856021775565108
Movie 880,Drama,94580482,100811324,99.66,134,7.33,1,18.0,1.0658787296093502
Movie 881,Action,157601538,366520558,70.34,88,6.95,1,28.0,2.325615362966826
Movie 882,Horror,66438362,132678786,77.27,158,8.75,1,27.0,1.9970207272719938
Movie 883,Action,183784092,121523220,34.39,131,8.59,0,28.0,0.6612281763755701
Movie 884,Action,153945311,414589908,94.22,81,7.74,1,28.0,2.693098642023595
Movie 885,Romance,170373756,458842831,53.44,104,7.34,1,10749.0,2.6931544022543004
Movie 886,Animation,21568697,28600523,73.51,92,4.64,1,16.0,1.3260199723701436
Movie 887,Romance,157118066,212268802,92.49,177,8.08,1,10749.0,1.3510146057933274
Movie 888,Thriller,176529362,524746043,97.54,130,5.57,1,53.0,2.9725708916344464
Movie 889,Romance,40902996,84482701,83.49,137,4.63,1,10749.0,2.0654404141936205
Movie 890,Romance,189699652,346826223,31.0,113,5.3,1,10749.0,1.828291298077869
Movie 891,Action,140941329,365796371,96.69,114,8.02,1,28.0,2.5953804579208986
Movie 892,Comedy,123794587,150190792,63.18,82,3.89,1,35.0,1.2132258416113137
Movie 893,Science Fiction,151835881,238831233,93.13,138,5.74,1,878.0,1.5729564805567928
Movie 894,Drama,137600085,160915275,67.93,149,5.95,1,18.0,1.1694416831210532
Movie 895,Action,113539028,280770902,31.42,127,3.22,1,28.0,2.472902110805458
Movie 896,N/A,148847812,287778395,37.63,143,4.17,1,N/A,1.9333733639295954
Movie 897,Action,100981544,216813704,55.5,98,7.96,1,28.0,2.1470626751359636
Movie 898,Drama,187794507,212352042,79.21,146,7.98,1,18.0,1.1307681219877215
Movie 899,Drama,81890201,86030835,32.48,161,4.75,1,18.0,1.0505632413822015
Movie 900,Adventure,83537517,143762768,58.39,152,8.25,1,12.0,1.720936570331627
Movie 901,Drama,17099248,40079173,35.22,155,7.63,1,18.0,2.3439143639533153
Movie 902,Thriller,15677069,28424084,81.76,84,5.51,1,53.0,1.8130993746343784
Movie 903,Adventure,76589337,44545445,47.21,146,7.49,0,12.0,0.5816141873639669
Movie 904,Romance,13433196,35885154,8.6,90,8.77,1,10749.0,2.671378724765127
Movie 905,Thriller,40010202,26475440,17.44,173,5.75,0,53.0,0.6617172290207383
Movie 906,Animation,169844360,490775674,7.05,147,4.43,1,16.0,2.889561207684494
Movie 907,Science Fiction,128949593,72579909,50.43,148,8.65,0,878.0,0.5628548901274935
Movie 908,N/A,188455534,421410345,11.53,80,6.62,1,N/A,2.2361261357281235
Movie 909,Adventure,13457080,9494207,12.3,170,3.63,0,12.0,0.7055176160058497
Movie 910,Adventure,2222869,6172221,94.16,171,6.44,1,12.0,2.7766912939988817
Movie 911,Action,83716910,139060743,87.39,142,6.0,1,28.0,1.6610830834535102
Movie 912,Animation,51066487,43090383,45.76,108,8.13,0,16.0,0.8438094243686667
Movie 913,Horror,138343082,187045276,98.59,161,6.18,1,27.0,1.3520392440006506
Movie 914,Adventure,198020478,180606891,1.02,91,4.53,0,12.0,0.9120616858626106
Movie 915,Action,10818159,10022535,61.78,156,7.05,0,28.0,0.9264547692449334
Movie 916,Horror,12145552,34861023,62.03,120,6.26,1,27.0,2.8702707789650073
Movie 917,Animation,116438617,187828912,46.29,81,4.4,1,16.0,1.6131152777261173
Movie 918,Comedy,95562311,236230573,40.3,116,6.44,1,35.0,2.4720056529398917
Movie 919,Adventure,150370722,315630236,46.08,124,7.93,1,12.0,2.099013902453697
Movie 920,Comedy,94842126,207805348,42.08,159,3.17,1,35.0,2.191065898290808
Movie 921,Thriller,158155630,131147961,73.32,127,6.79,0,53.0,0.8292335909888253
Movie 922,Animation,43758171,47497793,14.4,103,5.1,1,16.0,1.0854611130798864
Movie 923,Thriller,135285389,333732257,20.57,178,4.76,1,53.0,2.4668758353498172
Movie 924,Science Fiction,108523287,317638492,18.87,101,5.36,1,878.0,2.9269155107695917
Movie 925,Horror,142802881,165178536,26.98,179,5.05,1,27.0,1.1566891006911828
Movie 926,N/A,158553165,186921800,53.0,90,7.99,1,N/A,1.1789219092535932
Movie 927,N/A,98663674,165976258,12.01,137,4.65,1,N/A,1.6822428282976771
Movie 928,Adventure,11466615,33936602,86.95,125,7.4,1,12.0,2.959600719131147
Movie 929,Comedy,35861938,42044441,30.44,108,3.56,1,35.0,1.1723973478510838
Movie 930,Adventure,112023110,169987202,17.09,114,8.71,1,12.0,1.517429769625214
Movie 931,Action,87787694,239546284,67.89,94,6.73,1,28.0,2.72870003852704
Movie 932,Comedy,138184150,70101176,4.77,139,7.24,0,35.0,0.5073025813742025
Movie 933,Science Fiction,51154221,30662602,62.38,174,4.79,0,878.0,0.599414894813861
Movie 934,Action,138926382,279266922,70.12,121,5.47,1,28.0,2.0101791897236625
Movie 935,Animation,131876923,365094721,22.28,122,4.34,1,16.0,2.7684504058378736
Movie 936,Adventure,192864812,211600018,5.15,159,8.6,1,12.0,1.0971416496649478
Movie 937,Romance,43573305,72946263,37.0,153,5.93,1,10749.0,1.674104431600954
Movie 938,Comedy,179871077,292499735,10.76,128,6.78,1,35.0,1.6261632491364912
Movie 939,Animation,141090082,237373956,12.53,143,7.41,1,16.0,1.682428365163187
Movie 940,N/A,96192946,197801481,26.17,111,5.23,1,N/A,2.056299232170309
Movie 941,Thriller,182974207,306364584,30.25,143,7.32,1,53.0,1.6743594030168416
Movie 942,Action,83649048,135400234,53.47,81,7.06,1,28.0,1.6186703523511707
Movie 943,Science Fiction,10810404,18223325,68.16,103,7.23,1,878.0,1.6857209961810864
Movie 944,Horror,87205129,172419243,59.68,166,5.94,1,27.0,1.9771686020899069
Movie 945,Drama,7292518,13436600,15.69,145,5.3,1,18.0,1.8425185923435499
Movie 946,Drama,42142200,111059025,18.04,117,4.33,1,18.0,2.635339991742244
Movie 947,Science Fiction,122160976,76196947,88.0,110,7.95,0,878.0,0.6237421269456787
Movie 948,N/A,103855910,268290211,56.28,105,6.65,1,N/A,2.5832926696227494
Movie 949,Romance,115694229,301940132,87.12,108,5.67,1,10749.0,2.6098115230968
Movie 950,N/A,65413145,79298396,37.78,146,8.66,1,N/A,1.2122700414419763
Movie 951,Drama,152765117,253151641,61.83,157,3.29,1,18.0,1.657129886530313
Movie 952,Action,197350488,315039705,52.84,104,8.1,1,28.0,1.5963462172943803
Movie 953,Thriller,67689168,70821456,32.59,127,8.99,1,53.0,1.0462745826629158
Movie 954,Drama,131682380,196469073,47.52,144,8.32,1,18.0,1.4919921177001814
Movie 955,Comedy,134541075,82200483,50.75,132,7.86,0,35.0,0.6109694232783557
Movie 956,Animation,157637208,188306343,20.88,146,5.25,1,16.0,1.1945551776075607
Movie 957,Romance,183984073,467633318,32.19,169,4.39,1,10749.0,2.5417054333828126
Movie 958,Comedy,169239170,205017304,79.35,97,7.41,1,35.0,1.2114057519899206
Movie 959,N/A,103318312,262998485,91.66,88,4.83,1,N/A,2.5455166650419145
Movie 960,Comedy,181741265,332404530,36.62,117,4.06,1,35.0,1.8289986591652698
Movie 961,Romance,105884334,285851351,31.39,166,7.72,1,10749.0,2.699656693312157
Movie 962,Comedy,94198563,182457801,20.32,100,4.88,1,35.0,1.9369488789335354
Movie 963,Animation,160371374,92080521,68.17,144,8.49,0,16.0,0.5741705561492539
Movie 964,Adventure,105544289,230989008,32.99,100,8.04,1,12.0,2.1885505145617117
Movie 965,Science Fiction,104231399,63803574,98.79,106,8.09,0,878.0,0.61213391177835
Movie 966,Thriller,9411883,15308357,33.24,149,7.63,1,53.0,1.626492488272538
Movie 967,Romance,12082322,34115242,40.02,123,8.29,1,10749.0,2.8235666952097453
Movie 968,Comedy,17203305,15706786,60.73,179,7.83,0,35.0,0.9130097966640712
Movie 969,Horror,146066408,215401339,80.37,107,6.62,1,27.0,1.4746808793983623
Movie 970,Action,108145828,251401282,47.48,124,4.77,1,28.0,2.3246507669255627
Movie 971,Horror,106859763,289124732,42.84,96,8.33,1,27.0,2.7056463900261503
Movie 972,Comedy,90838873,197788702,99.57,119,8.04,1,35.0,2.177357506405875
Movie 973,Action,194510719,222799022,2.04,82,5.84,1,28.0,1.1454331316311672
Movie 974,Adventure,36555041,79928314,89.61,155,3.23,1,12.0,2.1865196102501976
Movie 975,Romance,188246519,233768123,15.76,155,6.83,1,10749.0,1.2418191010480253
Movie 976,Romance,77658629,178309887,78.81,145,3.3,1,10749.0,2.29607307386279
Movie 977,Animation,186863908,539117850,62.18,125,8.56,1,16.0,2.8850828165276305
Movie 978,Thriller,33359860,76843891,34.84,165,8.77,1,53.0,2.303483617737005
Movie 979,Drama,169716949,450972090,87.51,166,4.14,1,18.0,2.657201255721372
Movie 980,Science Fiction,163490644,82605218,2.28,109,7.06,0,878.0,0.5052596037238681
Movie 981,Adventure,120654085,276772062,23.44,148,3.55,1,12.0,2.293930304970611
Movie 982,Action,154250307,397035491,57.12,88,7.38,1,28.0,2.573968886817191
Movie 983,Adventure,165572509,99574784,35.8,164,5.08,0,12.0,0.601396841790928
Movie 984,Animation,110039037,294793954,61.43,90,7.09,1,16.0,2.6789943099920075
Movie 985,Romance,151732605,173238512,3.39,148,5.24,1,10749.0,1.1417355683045183
Movie 986,Thriller,94481782,204385849,12.53,178,3.87,1,53.0,2.1632302510975077
Movie 987,Action,129050312,322740273,13.58,170,5.44,1,28.0,2.500887196615224
Movie 988,Adventure,77165878,166420661,19.74,145,3.68,1,12.0,2.156661277151541
Movie 989,Romance,106275634,77656878,46.47,167,6.46,0,10749.0,0.7307119710996032
Movie 990,Romance,79350878,157972029,75.46,110,3.25,1,10749.0,1.9908037942566936
Movie 991,Horror,153028199,286768592,90.65,112,6.16,1,27.0,1.8739591387336396
Movie 992,Drama,41636644,114534212,83.7,118,8.32,1,18.0,2.7508031627140745
Movie 993,Adventure,193752163,292681886,20.49,173,8.03,1,12.0,1.5105993216705405
Movie 994,Science Fiction,93815365,122213533,44.67,125,8.3,1,878.0,1.3027027395778932
Movie 995,Adventure,99164033,235477581,20.74,116,8.53,1,12.0,2.3746269073183015
Movie 996,Drama,58975251,90331702,27.18,171,3.63,1,18.0,1.5316883009111737
Movie 997,Science Fiction,138311963,292563057,50.85,139,3.77,1,878.0,2.1152404365774204
Movie 998,Drama,183087754,387436614,7.74,110,6.34,1,18.0,2.11612522156998
Movie 999,Action,23763342,64638610,22.6,90,8.36,1,28.0,2.720097619265842
Movie 1000,Animation,20636869,41206276,93.6,166,8.85,1,16.0,1.9967309963541466
Movie 1001,Thriller,162349749,284986155,47.15,81,3.28,1,53.0,1.7553840197190573
Movie 1002,Drama,34942384,29602430,45.09,106,5.13,0,18.0,0.8471783150228102
Movie 1003,Horror,198085687,156357751,2.44,178,4.28,0,27.0,0.7893440125232268
Movie 1004,Science Fiction,153025061,135550197,25.49,81,7.54,0,878.0,0.8858039076357564
Movie 1005,Romance,188446194,175183577,86.76,100,6.84,0,10749.0,0.929621199990911
Movie 1006,N/A,36912253,77319828,17.3,137,3.72,1,N/A,2.0946927298098004
Movie 1007,Horror,133960449,315135676,42.1,84,5.9,1,27.0,2.352453118457374
Movie 1008,Science Fiction,151481610,276450727,2.42,131,7.11,1,878.0,1.8249788010571053
Movie 1009,Animation,40138695,103258572,48.36,124,7.67,1,16.0,2.57254432412414
Movie 1010,Drama,169016921,503359106,3.08,164,3.12,1,18.0,2.9781580626474673
Movie 1011,Romance,129759218,330890102,82.14,172,8.34,1,10749.0,2.550031566928833
Movie 1012,Animation,113023724,252857346,82.66,99,6.42,1,16.0,2.237205933862169
Movie 1013,Animation,84721515,155144728,78.99,140,7.87,1,16.0,1.8312317479214104
Movie 1014,Adventure,76495044,124085110,29.05,117,7.85,1,12.0,1.6221326704511734
Movie 1015,Drama,131971033,93828890,83.89,99,4.14,0,18.0,0.7109809468567242
Movie 1016,Comedy,49014453,73444328,54.76,104,3.66,1,35.0,1.4984218634450537
Movie 1017,Animation,101727619,282328383,38.01,81,7.33,1,16.0,2.7753365877952967
Movie 1018,Science Fiction,52569363,132477768,62.91,111,3.94,1,878.0,2.5200565584178753
Movie 1019,Science Fiction,33686304,35038081,2.22,105,8.1,1,878.0,1.0401283857083283
Movie 1020,Comedy,129161931,215250871,15.15,149,7.36,1,35.0,1.6665194561081624
Movie 1021,N/A,85740096,217934862,74.49,120,8.05,1,N/A,2.5418080007748065
Movie 1022,Adventure,77362381,51713764,25.17,146,4.79,0,12.0,0.668461380473799
Movie 1023,Drama,166916991,245114507,60.2,176,4.9,1,18.0,1.4684814621418618
Movie 1024,Animation,107472997,282611325,39.13,80,7.03,1,16.0,2.6296030899743124
Movie 1025,Romance,81480036,123014049,85.63,130,3.19,1,10749.0,1.5097446569611235
Movie 1026,Animation,27216317,18889120,95.29,84,7.36,0,16.0,0.6940365957671643
Movie 1027,Science Fiction,127111882,235962352,88.47,92,8.01,1,878.0,1.8563359167320015
Movie 1028,Action,188432803,500167785,27.79,98,5.49,1,28.0,2.654356232232028
Movie 1029,Action,35970444,71067304,20.22,91,7.59,1,28.0,1.975713838839465
Movie 1030,Horror,140970538,150231988,47.97,127,4.05,1,27.0,1.0656977701255563
Movie 1031,Thriller,135789378,198333836,1.73,104,4.93,1,53.0,1.46059904626708
Movie 1032,Romance,104527089,169888756,3.56,136,8.85,1,10749.0,1.6253084021119157
Movie 1033,Horror,73017911,142251003,55.78,114,8.92,1,27.0,1.9481658822038883
Movie 1034,Drama,41435721,99378503,52.52,155,6.08,1,18.0,2.39837754965094
Movie 1035,Animation,4757974,3555082,99.46,173,8.61,0,16.0,0.7471839904967955
Movie 1036,Comedy,62119361,169221220,20.98,84,6.14,1,35.0,2.724130082406997
Movie 1037,Thriller,43321932,22994166,26.55,177,4.75,0,53.0,0.5307742507882612
Movie 1038,Action,109955219,156700573,12.24,101,4.6,1,28.0,1.4251308343990474
Movie 1039,Horror,20931456,11900595,91.84,156,8.58,0,27.0,0.5685507496468473
Movie 1040,Science Fiction,60376958,89504949,78.0,136,4.03,1,878.0,1.4824355509928142
Movie 1041,N/A,12643208,22941499,82.41,126,6.48,1,N/A,1.8145314859962756
Movie 1042,Science Fiction,44928336,79936651,90.37,133,6.33,1,878.0,1.7792034630439018
Movie 1043,Romance,143329802,131013596,52.97,82,7.44,0,10749.0,0.9140708643412484
Movie 1044,Thriller,154185166,326001602,45.67,132,6.0,1,53.0,2.114351272936334
Movie 1045,Animation,147356119,90174006,33.71,163,4.63,0,16.0,0.6119461248840301
Movie 1046,Horror,188268645,452742234,59.33,110,4.02,1,27.0,2.404767049765509
Movie 1047,Animation,159230518,456451967,45.97,148,6.72,1,16.0,2.866611078913905
Movie 1048,Adventure,191221730,258038822,45.7,167,7.31,1,12.0,1.349422066205551
Movie 1049,Romance,157200541,281876047,93.76,112,6.42,1,10749.0,1.7930984537769499
Movie 1050,Romance,190834334,276189893,98.42,151,7.43,1,10749.0,1.447275693062654
Movie 1051,Horror,165185668,85363984,79.85,167,3.85,0,27.0,0.5167759711453902
Movie 1052,Adventure,78822269,115449894,75.92,129,8.29,1,12.0,1.464686255098797
Movie 1053,Drama,119227179,295600022,68.38,163,6.49,1,18.0,2.4793006467090866
Movie 1054,Adventure,144959985,288466326,17.44,95,3.76,1,12.0,1.9899721016113516
Movie 1055,Drama,187261879,141036244,6.85,155,5.77,0,18.0,0.7531497854937149
Movie 1056,Romance,4609736,12067591,69.38,156,8.07,1,10749.0,2.6178486143241173
Movie 1057,N/A,76169697,139216373,73.15,118,8.39,1,N/A,1.8277133621786628
Movie 1058,Drama,19161634,49902804,5.65,168,4.59,1,18.0,2.6043083799638382
Movie 1059,Action,18163810,35429488,92.88,125,7.27,1,28.0,1.9505537659775125
Movie 1060,Adventure,147443583,280027965,10.02,175,3.6,1,12.0,1.8992211075065912
Movie 1061,Comedy,52424149,40007382,29.3,167,3.2,0,35.0,0.7631479530549938
Movie 1062,Comedy,126966143,116605621,67.57,126,6.36,0,35.0,0.9183993326472869
Movie 1063,Horror,136353692,399524927,17.82,123,7.17,1,27.0,2.930063140497875
Movie 1064,N/A,64446855,69036558,6.49,88,7.77,1,N/A,1.0712168654312146
Movie 1065,Drama,67318090,198159569,33.78,166,5.04,1,18.0,2.9436302931351737
Movie 1066,Horror,195421608,357578895,76.83,129,3.04,1,27.0,1.8297817659959077
Movie 1067,Action,3155748,2649164,41.95,156,5.88,0,28.0,0.8394726068114438
Movie 1068,Action,61676365,46149679,65.64,139,3.1,0,28.0,0.7482554946291015
Movie 1069,N/A,167026013,170727338,58.38,175,3.55,1,N/A,1.0221601709429537
Movie 1070,Comedy,55256930,155498157,3.2,94,4.96,1,35.0,2.814093309201217
Movie 1071,Animation,169645332,260469296,98.87,115,5.62,1,16.0,1.5353755563400944
Movie 1072,Animation,9910852,14753152,5.1,142,4.68,1,16.0,1.4885856432928268
Movie 1073,Science Fiction,173645754,222790220,96.81,148,6.49,1,878.0,1.2830156503567602
Movie 1074,Action,38617741,33506861,55.44,165,3.33,0,28.0,0.8676546098333406
Movie 1075,Drama,100065241,172074989,96.35,159,3.87,1,18.0,1.719627987504672
Movie 1076,Drama,142158973,117298134,12.36,120,7.17,0,18.0,0.8251194527129849
Movie 1077,Animation,199987907,517708813,49.55,153,3.85,1,16.0,2.5887005907812215
Movie 1078,Comedy,16876696,24066041,17.78,103,6.84,1,35.0,1.4259924454407427
Movie 1079,Horror,10451244,15018530,6.05,161,3.33,1,27.0,1.4370088383736903
Movie 1080,Animation,111838825,188450217,62.14,128,5.44,1,16.0,1.6850160666476959
Movie 1081,Horror,75926168,122265372,21.57,97,4.06,1,27.0,1.6103192775381474
Movie 1082,Adventure,18606951,55581659,59.18,86,3.66,1,12.0,2.987144911597822
Movie 1083,Animation,63056263,117502370,12.12,83,6.4,1,16.0,1.8634528024599237
Movie 1084,Thriller,8021862,5779785,33.87,169,8.57,0,53.0,0.7205041672369832
Movie 1085,N/A,113882279,229722576,78.38,148,3.33,1,N/A,2.017193351039278
Movie 1086,Comedy,9351245,8219377,44.27,139,5.53,0,35.0,0.8789607159260612
Movie 1087,Comedy,106945887,61744578,63.15,134,7.25,0,35.0,0.5773441104845856
Movie 1088,Adventure,109146354,319455593,65.1,95,5.78,1,12.0,2.9268553762226452
Movie 1089,Animation,171858336,418276934,84.53,178,7.84,1,16.0,2.4338472240299125
Movie 1090,Romance,6345854,18721998,33.17,169,4.08,1,10749.0,2.950272414083274
Movie 1091,Drama,12683982,21495495,69.04,161,8.76,1,18.0,1.6946961135706438
Movie 1092,Horror,65365536,119661015,96.2,108,5.31,1,27.0,1.8306438273526893
Movie 1093,Action,193039576,177759024,73.29,102,5.05,0,28.0,0.9208423872625995
Movie 1094,Drama,185092816,206798385,49.5,93,8.25,1,18.0,1.1172685654099077
Movie 1095,Thriller,106546976,276635695,63.44,158,6.38,1,53.0,2.596373030802864
Movie 1096,Science Fiction,71790126,99821594,74.23,128,6.1,1,878.0,1.3904641148004113
Movie 1097,Comedy,39187510,100595805,61.62,112,7.36,1,35.0,2.567037431059029
Movie 1098,Science Fiction,137826817,313216170,2.65,104,6.48,1,878.0,2.2725343065856336
Movie 1099,Science Fiction,188058125,177325142,20.28,100,3.98,0,878.0,0.9429273103727903
Movie 1100,Science Fiction,18691444,33057985,81.24,96,7.05,1,878.0,1.7686158971987398
Movie 1101,N/A,136171687,298688279,27.99,102,3.8,1,N/A,2.193468301527321
Movie 1102,Horror,179350183,195060010,73.42,136,7.84,1,27.0,1.087593035798575
Movie 1103,Comedy,185036390,476787203,37.84,160,8.94,1,35.0,2.5767212762851677
Movie 1104,N/A,11016389,20513278,52.67,137,5.26,1,N/A,1.8620691408046683
Movie 1105,Adventure,88255618,80586657,7.73,93,5.67,0,12.0,0.9131051238007307
Movie 1106,Romance,12630982,24724655,18.94,172,3.28,1,10749.0,1.9574610271790427
Movie 1107,Animation,185894642,557550920,95.76,99,3.08,1,16.0,2.999284508694984
Movie 1108,Thriller,97231367,85204209,89.12,109,8.53,0,53.0,0.8763037240852533
Movie 1109,Romance,27704425,70421665,65.58,98,3.77,1,10749.0,2.5418923150363164
Movie 1110,Romance,62298111,63436453,46.5,132,5.67,1,10749.0,1.018272496255946
Movie 1111,Science Fiction,180232243,442645130,67.9,135,7.89,1,878.0,2.45597082204653
Movie 1112,Horror,190086734,444127162,62.24,156,8.34,1,27.0,2.336444804191333
Movie 1113,Romance,16586926,20753951,57.29,161,6.12,1,10749.0,1.2512234635881296
Movie 1114,Thriller,144714291,190235299,6.86,102,6.39,1,53.0,1.3145577930516896
Movie 1115,Science Fiction,82143014,203821746,63.65,141,7.02,1,878.0,2.4813034739631052
Movie 1116,Adventure,46745050,77298258,77.12,112,8.77,1,12.0,1.653613762312801
Movie 1117,Horror,166773731,388089988,99.41,97,6.62,1,27.0,2.3270450668277007
Movie 1118,Action,115567717,100539333,2.1,152,6.36,0,28.0,0.8699603627196338
Movie 1119,Comedy,11321336,29790900,73.29,112,3.09,1,35.0,2.6313943866695593
Movie 1120,Science Fiction,84667964,192806886,57.61,111,3.49,1,878.0,2.277211791699633
Movie 1121,Romance,123715546,342365084,43.97,140,6.46,1,10749.0,2.767357014291478
Movie 1122,Drama,78859104,65526470,13.63,133,8.62,0,18.0,0.8309309474274524
Movie 1123,Drama,145020733,287508860,41.5,96,8.2,1,18.0,1.9825362487996803
Movie 1124,N/A,74205955,148248765,36.08,98,8.9,1,N/A,1.9978014567698779
Movie 1125,Action,32738453,45298621,30.98,170,6.17,1,28.0,1.3836518481798759
Movie 1126,N/A,115091841,189460282,73.36,149,7.73,1,N/A,1.6461660562020204
Movie 1127,Action,54509641,32430723,70.37,178,8.04,0,28.0,0.5949538908172226
Movie 1128,N/A,8583354,20296628,59.31,113,6.89,1,N/A,2.364649995794185
Movie 1129,Thriller,20908425,39167882,93.93,163,5.03,1,53.0,1.8733061911645665
Movie 1130,Science Fiction,128052640,82511055,35.64,104,5.82,0,878.0,0.6443526271695765
Movie 1131,Romance,174585525,384418074,25.14,147,8.15,1,10749.0,2.201889727112256
Movie 1132,Adventure,38612325,64365015,65.93,153,4.79,1,12.0,1.6669551755818899
Movie 1133,Science Fiction,157686220,92428274,20.68,153,8.54,0,878.0,0.5861531464195159
Movie 1134,Comedy,17413486,50917369,32.19,167,4.38,1,35.0,2.924019291714479
Movie 1135,Thriller,146823971,421793019,23.24,164,7.5,1,53.0,2.8727803513773646
Movie 1136,Action,84752812,151051211,7.85,90,6.78,1,28.0,1.7822560388910753
Movie 1137,Action,11688727,8581641,82.92,170,7.5,0,28.0,0.7341809762517338
Movie 1138,Adventure,179060211,427336693,26.2,95,5.62,1,12.0,2.3865530516994644
Movie 1139,Comedy,96723191,167314459,47.83,169,8.6,1,35.0,1.7298277411050262
Movie 1140,Comedy,10828366,13601712,5.29,140,6.79,1,35.0,1.2561186055218303
Movie 1141,N/A,172200135,297655758,70.23,173,4.73,1,N/A,1.7285454392936452
Movie 1142,Romance,108019524,195095181,33.73,159,6.83,1,10749.0,1.8061103564944425
Movie 1143,Thriller,180320878,343832108,74.73,86,4.72,1,53.0,1.9067792471596106
Movie 1144,Romance,146836355,235387382,41.83,95,4.76,1,10749.0,1.6030592832408568
Movie 1145,Comedy,150261131,302684257,20.38,178,5.4,1,35.0,2.014388251875996
Movie 1146,Action,94982380,265650213,51.8,95,8.11,1,28.0,2.796836771199037
Movie 1147,Thriller,140743361,197838750,13.92,119,6.0,1,53.0,1.4056702113288313
Movie 1148,Action,53411802,123610461,44.61,91,7.07,1,28.0,2.3142911561006687
Movie 1149,Thriller,70353566,192496600,32.41,114,5.35,1,53.0,2.7361313852946703
Movie 1150,N/A,155372722,254803214,91.28,100,4.58,1,N/A,1.639948188588728
Movie 1151,N/A,28695858,46161293,7.03,129,8.73,1,N/A,1.6086395813639724
Movie 1152,Drama,13920739,27915153,69.71,122,6.62,1,18.0,2.0052924632808646
Movie 1153,Drama,184500067,365036500,19.09,179,8.6,1,18.0,1.978516896690341
Movie 1154,Comedy,124175705,312484853,32.59,96,4.22,1,35.0,2.5164733552348264
Movie 1155,Drama,8726890,14758990,42.14,111,3.88,1,18.0,1.6912084373700138
Movie 1156,Science Fiction,157892442,472146933,90.89,120,8.13,1,878.0,2.9903073701273173
Movie 1157,Adventure,143575684,93134519,25.02,85,7.09,0,12.0,0.6486789155745899
Movie 1158,N/A,62413011,31700792,10.04,167,4.12,0,N/A,0.5079196066986738
Movie 1159,N/A,93663037,196738813,32.55,106,4.62,1,N/A,2.1004957697453266
Movie 1160,Action,144669065,180270281,11.36,99,7.8,1,28.0,1.2460872751199437
Movie 1161,Comedy,129953191,143072741,13.73,104,5.72,1,35.0,1.1009559665218225
Movie 1162,Adventure,90729573,116110962,57.81,145,7.02,1,12.0,1.2797476959359215
Movie 1163,Thriller,172158661,196281345,7.03,88,4.91,1,53.0,1.1401189104276317
Movie 1164,Action,112030983,64639090,4.06,171,5.29,0,28.0,0.5769751212483782
Movie 1165,Horror,106251630,311193238,71.73,132,8.94,1,27.0,2.928832602379841
Movie 1166,Drama,163906457,172407255,36.8,140,4.49,1,18.0,1.0518637163879394
Movie 1167,Action,43019117,100452839,13.41,117,6.04,1,28.0,2.3350744042468374
Movie 1168,Action,122768331,295440882,26.11,82,8.07,1,28.0,2.406490986669844
Movie 1169,Science Fiction,159279897,449670005,64.57,163,4.44,1,878.0,2.8231434943733045
Movie 1170,Adventure,102918860,59319718,28.28,149,5.49,0,12.0,0.5763736403609601
Movie 1171,N/A,61628583,165172050,49.96,176,6.69,1,N/A,2.6801208458743893
Movie 1172,Action,26291709,47800047,13.05,134,5.89,1,28.0,1.8180654213082916
Movie 1173,Comedy,165474065,344411145,59.22,80,5.76,1,35.0,2.0813602723786353
Movie 1174,Drama,26836512,56656591,32.29,149,5.18,1,18.0,2.1111756624705924
Movie 1175,Adventure,78782638,200855903,63.07,124,6.52,1,12.0,2.5494945091836096
Movie 1176,Action,166766759,222386525,81.03,177,6.75,1,28.0,1.3335183002507112
Movie 1177,Drama,131837162,307527052,61.55,126,6.92,1,18.0,2.3326279732872286
Movie 1178,Science Fiction,171564587,312495506,30.28,158,3.42,1,878.0,1.8214452729688324
Movie 1179,Romance,12309411,30570238,26.32,105,6.79,1,10749.0,2.4834850343367365
Movie 1180,Drama,188907055,562256362,33.41,93,8.72,1,18.0,2.976365080700665
Movie 1181,Horror,40302467,40368061,17.3,133,6.25,1,27.0,1.0016275430484194
Movie 1182,Romance,173162180,517169907,18.94,150,7.29,1,10749.0,2.986621599473973
Movie 1183,Horror,99881316,72367048,79.28,125,6.34,0,27.0,0.7245303816381434
Movie 1184,Thriller,85776775,43385366,39.09,110,8.13,0,53.0,0.5057938585357167
Movie 1185,Comedy,114246334,69736515,44.16,167,8.58,0,35.0,0.6104048380230739
Movie 1186,Comedy,119279273,161558528,59.81,138,4.11,1,35.0,1.3544560084634318
Movie 1187,Science Fiction,92253744,192096818,59.38,174,5.62,1,878.0,2.082265821103152
Movie 1188,Action,60220571,40502781,7.67,108,5.35,0,28.0,0.6725738452396939
Movie 1189,Romance,190902201,98155141,83.32,175,5.43,0,10749.0,0.5141645328646578
Movie 1190,Science Fiction,28580296,81245995,18.56,96,3.75,1,878.0,2.842727556075696
Movie 1191,Horror,64655986,165184185,72.58,93,7.88,1,27.0,2.5548165795507316
Movie 1192,Horror,180301837,454893949,77.49,115,3.21,1,27.0,2.522957927489114
Movie 1193,Romance,120999784,328037757,71.78,137,6.17,1,10749.0,2.711060682554607
Movie 1194,Horror,154271050,347123080,58.32,103,6.97,1,27.0,2.250085677124775
Movie 1195,N/A,58292182,44360952,2.45,142,4.24,0,N/A,0.7610103186736088
Movie 1196,Adventure,175034265,262157652,36.68,170,8.44,1,12.0,1.497750466173009
Movie 1197,Action,114378925,263972114,60.88,104,8.03,1,28.0,2.307873710126232
Movie 1198,Comedy,108334614,130092121,39.36,138,5.83,1,35.0,1.2008361519615514
Movie 1199,Drama,197889400,439020782,86.48,111,5.47,1,18.0,2.2185159083811463
Movie 1200,Drama,85380672,47919570,31.57,161,4.42,0,18.0,0.5612461096581671
Movie 1201,Thriller,81908854,103642823,30.06,97,7.38,1,53.0,1.2653433412705297
Movie 1202,Thriller,172350386,322782256,27.33,116,3.79,1,53.0,1.8728258374773816
Movie 1203,Adventure,124589543,259174228,33.95,105,7.08,1,12.0,2.0802245658770895
Movie 1204,Drama,195967438,380686670,56.18,88,8.05,1,18.0,1.9426016581387362
Movie 1205,Thriller,104090836,233620503,70.99,178,4.37,1,53.0,2.244390687764291
Movie 1206,Animation,19492846,10043140,66.59,143,8.2,0,16.0,0.5152218408743392
Movie 1207,Animation,98483912,74094666,80.96,151,3.2,0,16.0,0.7523529934513568
Movie 1208,Comedy,78652169,210186959,88.71,99,8.48,1,35.0,2.6723606185609454
Movie 1209,Romance,163306360,359987903,81.79,133,3.71,1,10749.0,2.2043716056129106
Movie 1210,N/A,20894388,16346287,2.88,165,6.87,0,N/A,0.7823290636701108
Movie 1211,Adventure,178045145,463840735,73.86,162,4.5,1,12.0,2.6051860891797975
Movie 1212,Drama,91190760,100818502,21.63,109,8.02,1,18.0,1.1055780432140274
Movie 1213,Thriller,100508798,170427714,14.16,132,6.07,1,53.0,1.6956497081976842
Movie 1214,Drama,170670899,147287497,64.21,171,3.81,0,18.0,0.8629912765620341
Movie 1215,Action,161612888,367713786,32.65,178,6.43,1,28.0,2.275275137710552
Movie 1216,Romance,193653386,419673234,6.65,142,5.45,1,10749.0,2.167136049973327
Movie 1217,Comedy,146367425,150433684,14.63,90,6.97,1,35.0,1.0277811746705252
Movie 1218,N/A,122118598,324652526,1.09,110,8.29,1,N/A,2.65850190975825
Movie 1219,Animation,148975377,223949479,90.42,128,5.46,1,16.0,1.5032650597017787
Movie 1220,N/A,187130906,230411988,3.44,179,4.74,1,N/A,1.2312877275333665
Movie 1221,Horror,187636634,165274845,21.74,173,3.09,0,27.0,0.880823970653833
Movie 1222,Thriller,64213072,74835200,42.21,166,6.45,1,53.0,1.165420025380502
Movie 1223,Adventure,106519743,59125626,36.3,98,5.41,0,12.0,0.5550672986509178
Movie 1224,Action,160364010,314015780,91.26,91,5.25,1,28.0,1.9581437256401857
Movie 1225,Action,142075386,370188338,4.99,94,4.1,1,28.0,2.605576859034541
Movie 1226,Adventure,65164715,122017743,51.71,110,5.58,1,12.0,1.8724511110038615
Movie 1227,N/A,163132730,170993265,68.37,122,8.91,1,N/A,1.048184904402691
Movie 1228,Adventure,69105394,40369501,93.24,116,4.79,0,12.0,0.58417293735421
Movie 1229,Romance,65991256,68404568,62.42,158,6.6,1,10749.0,1.0365701783278682
Movie 1230,Animation,175003379,269558329,80.57,108,7.66,1,16.0,1.5403035675099737
Movie 1231,Horror,189658373,454995855,9.29,105,7.49,1,27.0,2.399028568066436
Movie 1232,Thriller,146509876,142057020,39.21,81,4.97,0,53.0,0.9696071273720824
Movie 1233,Comedy,172136855,395825020,38.02,163,6.67,1,35.0,2.2994786328587216
Movie 1234,Romance,131978076,352029565,88.74,94,8.23,1,10749.0,2.667333663812465
Movie 1235,Comedy,78688894,128645885,15.99,83,3.09,1,35.0,1.6348671135217634
Movie 1236,Action,119485994,305117042,16.04,165,5.61,1,28.0,2.553579978587281
Movie 1237,Comedy,32199893,60749714,33.53,129,4.35,1,35.0,1.886643350026039
Movie 1238,Drama,141003993,295082876,6.39,117,5.33,1,18.0,2.0927270903597743
Movie 1239,Comedy,57240283,103930961,19.06,102,5.5,1,35.0,1.8156961418237572
Movie 1240,Science Fiction,109150641,180964317,96.56,138,7.48,1,878.0,1.6579317843859478
Movie 1241,Drama,166516756,180942702,43.39,169,3.56,1,18.0,1.0866335998042143
Movie 1242,Romance,66170480,83241481,63.57,154,6.08,1,10749.0,1.2579851468509824
Movie 1243,Animation,164386192,201360805,72.89,107,6.39,1,16.0,1.2249252966453532
Movie 1244,Romance,102233747,195084718,37.33,145,5.96,1,10749.0,1.9082223211480256
Movie 1245,Drama,93294504,74624802,15.58,87,7.39,0,18.0,0.7998842246913066
Movie 1246,Animation,102630640,286542614,21.45,108,5.3,1,16.0,2.791979217902178
Movie 1247,Drama,171184309,394004287,32.01,90,8.67,1,18.0,2.301637862147751
Movie 1248,Romance,99138587,149066175,63.97,97,5.89,1,10749.0,1.5036140771302298
Movie 1249,Comedy,151623294,135939435,40.43,134,6.43,0,35.0,0.896560359650279
Movie 1250,Science Fiction,10427504,28206194,1.67,129,7.95,1,878.0,2.704980405665632
Movie 1251,Romance,142240064,364055652,52.82,93,4.65,1,10749.0,2.5594452207220604
Movie 1252,Horror,20655820,47597286,92.23,153,3.45,1,27.0,2.3043038717417175
Movie 1253,Thriller,96855581,114179908,81.4,178,7.25,1,53.0,1.178867617344632
Movie 1254,Action,97231290,146441659,82.7,88,5.9,1,28.0,1.5061165906571845
Movie 1255,Action,100017426,75700252,79.71,178,8.38,0,28.0,0.7568706277244127
Movie 1256,Adventure,159428477,155059947,33.05,90,8.9,0,12.0,0.9725988099353167
Movie 1257,N/A,76761695,188645058,76.75,142,5.39,1,N/A,2.4575415902423727
Movie 1258,Thriller,132992221,304232578,15.17,155,5.49,1,53.0,2.287596791093518
Movie 1259,Adventure,14691164,29143073,66.11,146,5.45,1,12.0,1.983714360550328
Movie 1260,Adventure,157979628,432756251,64.52,132,4.95,1,12.0,2.739316812418371
Movie 1261,Comedy,12707868,24884118,3.53,118,7.69,1,35.0,1.958166232132723
Movie 1262,Comedy,149463901,249219097,79.01,157,7.55,1,35.0,1.667419994611274
Movie 1263,Comedy,104357583,140979462,90.42,135,5.87,1,35.0,1.350926860772542
Movie 1264,N/A,11055079,31519370,27.47,107,3.27,1,N/A,2.851121190540565
Movie 1265,Romance,108174930,76456813,81.43,154,4.86,0,10749.0,0.7067886524169694
Movie 1266,Animation,14781009,41789141,9.16,118,4.75,1,16.0,2.8272184260222017
Movie 1267,Animation,190170432,488126926,60.4,104,7.87,1,16.0,2.566786649567058
Movie 1268,Comedy,110640269,91258839,49.08,100,3.53,0,35.0,0.8248248112990397
Movie 1269,Adventure,115070898,220068592,55.05,89,7.83,1,12.0,1.912460889981062
Movie 1270,Science Fiction,68812526,183479651,92.69,122,7.02,1,878.0,2.6663699425886502
Movie 1271,Thriller,119746097,231052837,87.26,94,7.39,1,53.0,1.9295229054521918
Movie 1272,Adventure,105755393,292730880,78.72,162,5.59,1,12.0,2.7679995477866552
Movie 1273,Action,148986933,425724133,28.1,127,7.08,1,28.0,2.8574595397570874
Movie 1274,Drama,15013403,23360274,91.27,165,6.65,1,18.0,1.5559612967160077
Movie 1275,Action,188208816,271638801,10.65,100,7.61,1,28.0,1.4432841498774425
Movie 1276,Thriller,111651505,317179917,85.48,139,5.68,1,53.0,2.8408028803552625
Movie 1277,Adventure,66954738,146486933,33.49,175,5.84,1,12.0,2.187850141389546
Movie 1278,Science Fiction,130880894,103403327,6.32,129,6.86,0,878.0,0.7900566984207794
Movie 1279,Horror,174866627,105921852,67.27,102,3.65,0,27.0,0.6057293711052139
Movie 1280,Drama,94900039,181408316,23.9,92,5.62,1,18.0,1.9115726180049304
Movie 1281,Action,56849014,160622762,25.11,148,8.83,1,28.0,2.825427403191197
Movie 1282,Horror,38003110,99211745,31.3,83,3.23,1,27.0,2.6106217359579253
Movie 1283,Animation,14942402,32718172,7.3,171,4.9,1,16.0,2.1896193128788797
Movie 1284,Science Fiction,96785737,82053943,18.54,157,4.88,0,878.0,0.8477896180095214
Movie 1285,Animation,90097673,102312976,1.51,151,6.8,1,16.0,1.1355784516210534
Movie 1286,Action,97337874,261719940,45.1,88,3.63,1,28.0,2.6887780598125657
Movie 1287,N/A,82602413,79052003,9.34,114,6.77,0,N/A,0.9570180837211135
Movie 1288,N/A,115153633,137735090,68.58,100,3.57,1,N/A,1.196098519965931
Movie 1289,Thriller,145887163,120211259,24.33,137,3.57,0,53.0,0.8240016224045703
Movie 1290,Comedy,110033558,241003264,94.41,97,7.37,1,35.0,2.1902705718195534
Movie 1291,Drama,178946678,511779583,87.25,176,4.94,1,18.0,2.859955762911676
Movie 1292,Horror,134799387,158041507,29.65,151,8.86,1,27.0,1.1724200719102678
Movie 1293,Action,118204767,199590701,78.54,160,3.22,1,28.0,1.6885165130438438
Movie 1294,Romance,123287281,257158694,80.52,122,5.67,1,10749.0,2.085849342398913
Movie 1295,Horror,146702236,439910951,98.67,174,3.68,1,27.0,2.9986656167940073
Movie 1296,N/A,142667335,108715385,60.19,177,5.11,0,N/A,0.7620201568915548
Movie 1297,Thriller,117376384,204989286,9.11,85,8.99,1,53.0,1.7464269984667444
Movie 1298,Horror,149056822,218040363,65.04,165,8.33,1,27.0,1.4628002937027598
Movie 1299,Horror,17701250,47165872,62.87,157,3.29,1,27.0,2.6645503566132334
Movie 1300,Comedy,188152343,317962280,64.2,146,6.38,1,35.0,1.6899193224503188
Movie 1301,Action,37992982,29537408,31.41,91,6.89,0,28.0,0.7774437921192919
Movie 1302,Comedy,24656190,51434300,86.11,179,4.26,1,35.0,2.0860603361671046
Movie 1303,Adventure,85656124,207883262,95.99,91,3.87,1,12.0,2.4269515393902252
Movie 1304,Drama,140796807,71412581,22.55,145,8.43,0,18.0,0.5072031285482206
Movie 1305,N/A,179707509,475756170,9.73,81,8.81,1,N/A,2.6473917124965545
Movie 1306,Drama,115981624,111928936,20.26,94,8.95,0,18.0,0.9650574991086519
Movie 1307,Animation,30822180,57951043,82.23,102,7.74,1,16.0,1.8801734011027125
Movie 1308,Animation,54517362,83929138,67.99,108,6.98,1,16.0,1.5394937487987772
Movie 1309,Animation,120168608,276283797,63.97,160,5.07,1,16.0,2.2991345376988974
Movie 1310,Romance,144078663,205730504,40.78,175,4.03,1,10749.0,1.4279040332294033
Movie 1311,Thriller,159662049,427001451,58.2,86,3.47,1,53.0,2.67440793647838
Movie 1312,Drama,150322829,349687113,31.48,173,7.16,1,18.0,2.3262408998436293
Movie 1313,Action,175794015,372557254,48.24,107,7.71,1,28.0,2.1192829232553794
Movie 1314,N/A,186527415,464565457,79.51,93,7.96,1,N/A,2.490601486113985
Movie 1315,Action,77106218,183902770,98.14,123,8.48,1,28.0,2.385057583812501
Movie 1316,Adventure,109015503,64302433,93.32,109,8.28,0,12.0,0.5898466844665203
Movie 1317,Animation,96277507,143148852,93.45,160,9.0,1,16.0,1.4868358816145915
Movie 1318,Adventure,30677043,86724560,40.82,111,4.46,1,12.0,2.8270182364056406
Movie 1319,Romance,186049252,151501891,47.41,149,7.58,0,10749.0,0.8143106697359901
Movie 1320,Animation,70071029,164158298,70.86,167,6.52,1,16.0,2.3427413631959078
Movie 1321,Science Fiction,76094484,223449894,92.3,85,4.57,1,878.0,2.9364795219585167
Movie 1322,N/A,135828941,85639681,15.06,106,8.89,0,N/A,0.6304965670018733
Movie 1323,Comedy,186318110,410921741,31.12,161,8.39,1,35.0,2.20548470033321
Movie 1324,Animation,50349430,84102950,14.79,167,3.77,1,16.0,1.670385344978086
Movie 1325,Comedy,92636655,180450473,61.59,103,3.16,1,35.0,1.947938135287808
Movie 1326,Horror,105904657,75547440,31.32,113,7.13,0,27.0,0.7133533325168128
Movie 1327,Action,56842822,34533002,33.28,119,6.62,0,28.0,0.6075173748411014
Movie 1328,Animation,36393865,78871570,8.02,126,8.61,1,16.0,2.1671666364646898
Movie 1329,Science Fiction,99820870,255369093,35.63,158,4.4,1,878.0,2.558273565437769
Movie 1330,Thriller,88558294,217414006,86.39,154,3.51,1,53.0,2.455038327635354
Movie 1331,Action,154021524,286405229,24.07,165,4.56,1,28.0,1.8595143169729966
Movie 1332,Horror,114954962,86177947,69.82,103,3.11,0,27.0,0.7496670478652326
Movie 1333,Comedy,7202258,15989812,63.33,144,3.22,1,35.0,2.220110970753894
Movie 1334,Adventure,89225315,98569187,86.48,97,8.49,1,12.0,1.1047222080415182
Movie 1335,Adventure,77989724,216629853,14.1,123,5.11,1,12.0,2.7776717481395368
Movie 1336,Animation,71635601,185941907,97.78,155,5.46,1,16.0,2.595663390888561
Movie 1337,Horror,76899393,174827495,58.68,136,3.11,1,27.0,2.2734574120760613
Movie 1338,Horror,154003904,442316905,99.55,107,4.62,1,27.0,2.872114884827855
Movie 1339,Science Fiction,22232430,12862673,91.24,150,7.83,0,878.0,0.5785545259784918
Movie 1340,Drama,126917075,297049548,22.93,102,6.69,1,18.0,2.3405010555120342
Movie 1341,Horror,101355594,134357679,6.56,164,7.52,1,27.0,1.3256069418329293
Movie 1342,Romance,41473321,114680563,26.31,113,5.68,1,10749.0,2.765164694672028
Movie 1343,Thriller,55148094,64340619,53.23,90,4.86,1,53.0,1.166687991066382
Movie 1344,Horror,21153729,48910409,17.99,165,5.9,1,27.0,2.3121412305130695
Movie 1345,Thriller,120378390,324313533,17.58,114,4.94,1,53.0,2.694117548839123
Movie 1346,N/A,148008630,89418236,46.8,172,8.03,0,N/A,0.6041420422579413
Movie 1347,Science Fiction,78582731,117411947,4.29,121,4.79,1,878.0,1.4941189432573934
Movie 1348,Comedy,78973011,189991104,13.07,107,6.96,1,35.0,2.4057725746331236
Movie 1349,Horror,141411684,231532957,42.17,161,3.82,1,27.0,1.6372972193726227
Movie 1350,Thriller,148796901,173814358,7.25,157,7.12,1,53.0,1.1681315728477437
Movie 1351,Romance,103368511,108486634,40.28,161,8.48,1,10749.0,1.049513366793104
Movie 1352,Thriller,191978987,159111352,47.93,171,6.65,0,53.0,0.8287956639754537
Movie 1353,Science Fiction,138484130,365989168,45.68,103,6.36,1,878.0,2.6428238961388573
Movie 1354,Thriller,48044083,93128098,87.05,87,8.77,1,53.0,1.9383885004111745
Movie 1355,Horror,160116793,110634677,53.48,132,6.76,0,27.0,0.6909623589575642
Movie 1356,N/A,59436437,86566246,47.33,151,4.56,1,N/A,1.456450796335588
Movie 1357,Animation,128812971,182828645,41.66,83,4.75,1,16.0,1.4193341212508792
Movie 1358,Science Fiction,65910615,62901662,81.94,170,7.23,0,878.0,0.9543479756637075
Movie 1359,Science Fiction,15072989,23947498,89.61,179,7.41,1,878.0,1.5887690225210143
Movie 1360,Horror,84976173,113039419,85.47,84,4.82,1,27.0,1.3302484097512841
Movie 1361,Thriller,145162518,196623975,67.68,176,5.07,1,53.0,1.3545092611303422
Movie 1362,Thriller,97504946,228899334,14.6,128,8.95,1,53.0,2.347566389093739
Movie 1363,Drama,54505232,57675172,28.41,177,3.61,1,18.0,1.0581584534857131
Movie 1364,Science Fiction,81218637,170936796,5.56,109,5.43,1,878.0,2.1046498970427194
Movie 1365,Animation,179817575,346440866,93.15,151,3.37,1,16.0,1.9266240577429654
Movie 1366,Science Fiction,49730049,95493195,66.42,142,7.93,1,878.0,1.9202312670152406
Movie 1367,Comedy,37413676,80720693,74.89,126,3.55,1,35.0,2.1575183630713006
Movie 1368,N/A,119326552,223254619,31.85,105,7.04,1,N/A,1.8709550829894088
Movie 1369,Thriller,34877350,94103895,84.72,136,3.34,1,53.0,2.698137759892882
Movie 1370,Horror,132095752,289151026,26.7,116,7.04,1,27.0,2.188950224531066
Movie 1371,N/A,62658869,117009681,1.16,177,8.06,1,N/A,1.8674081238204283
Movie 1372,Science Fiction,87131989,224313272,38.27,86,5.39,1,878.0,2.57440779872476
Movie 1373,Romance,97337130,196169982,57.51,119,6.13,1,10749.0,2.015366407454175
Movie 1374,Horror,32251097,39599851,48.39,171,5.41,1,27.0,1.227860590292479
Movie 1375,Thriller,111338489,113313332,86.35,118,4.8,1,53.0,1.0177372893932484
Movie 1376,Action,110832220,97623176,11.44,141,7.82,0,28.0,0.8808194584571165
Movie 1377,Horror,16985249,46686301,55.83,171,4.63,1,27.0,2.7486380093691887
Movie 1378,Horror,96809238,220273794,51.78,157,7.34,1,27.0,2.2753385787418345
Movie 1379,Comedy,79987338,227439683,28.86,132,4.24,1,35.0,2.8434460839289337
Movie 1380,Horror,44309893,88984434,82.4,83,4.5,1,27.0,2.0082294940319536
Movie 1381,Adventure,169787089,285836938,75.53,161,5.02,1,12.0,1.6835022008063287
Movie 1382,Romance,128395967,83366374,73.55,104,6.53,0,10749.0,0.6492912195598791
Movie 1383,N/A,11971177,26086460,87.74,86,5.73,1,N/A,2.17910569695862
Movie 1384,Comedy,61200291,119678509,72.56,107,7.47,1,35.0,1.955521894495567
Movie 1385,Action,104316389,310395734,23.95,148,4.28,1,28.0,2.9755222259466825
Movie 1386,Drama,21080673,23144406,70.85,146,3.06,1,18.0,1.0978969219815704
Movie 1387,Romance,130914532,239160347,31.46,174,7.66,1,10749.0,1.826843386645571
Movie 1388,Horror,114474712,243532739,24.98,99,7.93,1,27.0,2.1273933320749476
Movie 1389,Romance,75052985,158472721,8.23,162,3.36,1,10749.0,2.1114779245622275
Movie 1390,Action,141456523,269224843,74.66,90,6.67,1,28.0,1.903233850870207
Movie 1391,Drama,82266262,200920539,71.39,146,5.27,1,18.0,2.4423200242160026
Movie 1392,Adventure,190316724,192686742,24.22,166,7.76,1,12.0,1.0124530201560216
Movie 1393,Adventure,48226729,111599930,75.19,86,8.25,1,12.0,2.3140679932906085
Movie 1394,Drama,65504149,134240038,91.87,102,8.11,1,18.0,2.0493364168428476
Movie 1395,Romance,52048404,142622400,11.69,140,7.66,1,10749.0,2.7401877682935294
Movie 1396,Animation,59771482,156480908,24.03,150,4.61,1,16.0,2.617986082392938
Movie 1397,Drama,108454264,139674732,75.28,113,7.87,1,18.0,1.2878675936614166
Movie 1398,Romance,71860062,85556109,28.18,98,6.2,1,10749.0,1.190593308978776
Movie 1399,Science Fiction,192918810,569907882,62.84,137,3.32,1,878.0,2.95413330613018
Movie 1400,Science Fiction,150950631,274452844,9.04,88,5.74,1,878.0,1.8181629462681743
Movie 1401,Romance,4138145,11446325,45.77,127,8.65,1,10749.0,2.7660521803851728
Movie 1402,N/A,164281163,149446994,74.17,161,8.33,0,N/A,0.9097025567076124
Movie 1403,Adventure,35780908,75392065,68.96,120,3.61,1,12.0,2.107047283428358
Movie 1404,N/A,172956216,436653991,81.69,127,7.46,1,N/A,2.5246504641382765
Movie 1405,Animation,47361481,135855845,87.87,124,7.83,1,16.0,2.86848810745593
Movie 1406,N/A,170273004,228736299,77.55,104,4.63,1,N/A,1.3433503469522392
Movie 1407,Animation,110981072,256638504,67.49,157,5.83,1,16.0,2.3124529198997106
Movie 1408,Action,188992985,349076189,4.14,104,7.27,1,28.0,1.8470325181646292
Movie 1409,Comedy,127192596,82875174,53.96,98,5.63,0,35.0,0.6515723132186091
Movie 1410,Science Fiction,35954715,79999217,4.73,118,3.68,1,878.0,2.2249993359702613
Movie 1411,Horror,90813693,202082388,81.0,158,7.24,1,27.0,2.2252413851290025
Movie 1412,Thriller,82250937,232483672,32.75,159,8.47,1,53.0,2.8265170036907907
Movie 1413,Adventure,178688705,311504644,56.68,106,6.91,1,12.0,1.7432811100175583
Movie 1414,N/A,178310715,191795873,28.67,153,7.64,1,N/A,1.0756273003560106
Movie 1415,Comedy,91740533,56091038,78.47,142,5.15,0,35.0,0.6114095500186378
Movie 1416,Thriller,88182130,135721598,88.76,147,4.1,1,53.0,1.5391054627507863
Movie 1417,Thriller,120558836,151276232,40.47,98,6.86,1,53.0,1.2547917433443037
Movie 1418,Adventure,175599459,421916466,86.43,107,4.97,1,12.0,2.4027207623686357
Movie 1419,Adventure,91133874,126281421,27.44,164,8.16,1,12.0,1.3856694054287653
Movie 1420,Drama,25694812,73812920,53.93,157,3.74,1,18.0,2.8726779553786965
Movie 1421,Adventure,62399188,181318032,86.02,112,5.6,1,12.0,2.9057755046427847
Movie 1422,Thriller,106565962,218702284,33.26,89,5.38,1,53.0,2.05227147482608
Movie 1423,N/A,167188327,471747062,95.45,162,8.63,1,N/A,2.8216507124926253
Movie 1424,Comedy,186425407,447819155,13.07,109,3.92,1,35.0,2.4021358580163916
Movie 1425,Romance,175004899,326760240,2.81,101,3.06,1,10749.0,1.867149101923141
Movie 1426,Adventure,136488624,129769267,90.51,82,4.43,0,12.0,0.950769838517824
Movie 1427,N/A,147170042,242314717,7.8,161,7.92,1,N/A,1.6464948552504999
Movie 1428,Horror,17770274,33802369,99.2,154,4.26,1,27.0,1.902186145244581
Movie 1429,Thriller,51709813,137543135,95.19,127,4.45,1,53.0,2.659903933514515
Movie 1430,Animation,166572705,283728858,14.57,81,3.78,1,16.0,1.703333436291378
Movie 1431,Comedy,93983350,257907857,54.22,155,7.29,1,35.0,2.7441866777466433
Movie 1432,Comedy,167091374,365240430,19.31,133,3.42,1,35.0,2.1858724436606765
Movie 1433,Adventure,72240343,60862319,43.39,85,4.99,0,12.0,0.8424976470557456
Movie 1434,N/A,43955157,131313984,7.08,119,4.69,1,N/A,2.987453417581923
Movie 1435,Action,194583172,353768094,23.17,172,6.33,1,28.0,1.8180816478826853
Movie 1436,Drama,199663479,295431216,36.96,173,7.38,1,18.0,1.4796457393192073
Movie 1437,Comedy,118855520,255276033,44.43,81,6.2,1,35.0,2.147784410854456
Movie 1438,Comedy,86518073,66812135,97.77,152,8.59,0,35.0,0.7722332766241801
Movie 1439,N/A,134930531,282186509,80.98,81,8.71,1,N/A,2.091346613021185
Movie 1440,Comedy,172123438,300456952,74.0,172,5.17,1,35.0,1.7455899991958097
Movie 1441,N/A,53673683,81406079,54.17,176,7.67,1,N/A,1.516685169527122
Movie 1442,Action,159973394,461131315,84.16,153,7.43,1,28.0,2.882550050791571
Movie 1443,Horror,140921122,254552768,34.59,177,8.36,1,27.0,1.806349285240576
Movie 1444,Animation,125681459,131688240,71.18,134,5.69,1,16.0,1.047793692465012
Movie 1445,Romance,146633104,241564651,99.38,151,6.18,1,10749.0,1.6474086983795964
Movie 1446,Adventure,77176890,215977096,32.15,139,5.49,1,12.0,2.798468505274053
Movie 1447,Drama,148501420,139626778,67.73,176,8.1,0,18.0,0.9402386724652195
Movie 1448,Romance,128440874,132922509,84.59,85,4.38,1,10749.0,1.0348925919018583
Movie 1449,Adventure,94389281,50269269,91.66,98,4.44,0,12.0,0.5325739158877585
Movie 1450,Romance,90817241,48630373,72.08,175,5.24,0,10749.0,0.5354751197517661
Movie 1451,Horror,158785537,408631255,29.08,106,4.38,1,27.0,2.573479063146664
Movie 1452,Drama,190400564,443691675,33.3,80,6.37,1,18.0,2.3303065163189327
Movie 1453,Thriller,137939592,191405342,3.06,112,3.81,1,53.0,1.387602639857018
Movie 1454,N/A,55278856,124144032,76.33,119,4.92,1,N/A,2.2457778793396157
Movie 1455,N/A,168676199,250992683,5.23,111,8.48,1,N/A,1.488014814704237
Movie 1456,Horror,175756880,506573859,86.6,148,5.46,1,27.0,2.882241986771727
Movie 1457,Science Fiction,163322048,476513585,12.75,96,7.49,1,878.0,2.9176317027325056
Movie 1458,Comedy,75842172,112396918,18.02,87,3.68,1,35.0,1.4819844294543674
Movie 1459,Drama,4875754,12850316,48.18,136,4.49,1,18.0,2.63555462396175
Movie 1460,Science Fiction,154699943,376342048,74.05,121,7.84,1,878.0,2.4327226028777527
Movie 1461,Romance,96268888,122742817,14.76,177,7.58,1,10749.0,1.2749998421089064
Movie 1462,Science Fiction,58696034,63397561,44.57,88,5.32,1,878.0,1.0800995685671029
Movie 1463,N/A,29356738,48309055,48.8,166,8.73,1,N/A,1.6455866111555038
Movie 1464,Animation,66564145,163306616,22.02,114,8.46,1,16.0,2.4533720969449844
Movie 1465,Drama,11047595,32042659,12.44,150,8.77,1,18.0,2.9004194125508764
Movie 1466,Romance,31908587,76866116,83.81,158,5.57,1,10749.0,2.408947660389976
Movie 1467,Animation,130705394,344803111,50.74,132,4.18,1,16.0,2.6380174562650414
Movie 1468,Drama,96112669,192961634,2.42,133,6.76,1,18.0,2.0076607590618463
Movie 1469,N/A,23564965,60998373,80.5,163,7.11,1,N/A,2.5885195670776513
Movie 1470,Romance,120102305,295578035,98.1,104,3.75,1,10749.0,2.461052142171626
Movie 1471,Thriller,175348811,252934321,60.99,146,7.72,1,53.0,1.4424638499544773
Movie 1472,Drama,10004644,18808488,50.87,141,3.11,1,18.0,1.8799757392666845
Movie 1473,Animation,125906539,316262470,87.96,134,5.9,1,16.0,2.511882802210932
Movie 1474,Science Fiction,182735418,112408200,95.3,125,4.99,0,878.0,0.6151418330955415
Movie 1475,Science Fiction,106650992,268781638,75.7,103,7.44,1,878.0,2.520198199375398
Movie 1476,Adventure,51760636,48899324,45.1,177,4.88,0,12.0,0.9447203083053307
Movie 1477,Adventure,172856912,308845007,59.63,125,7.96,1,12.0,1.7867090382824842
Movie 1478,Animation,55706505,140418752,70.39,101,6.57,1,16.0,2.5206885982166716
Movie 1479,N/A,14143608,16046668,20.23,90,7.76,1,N/A,1.1345526544570523
Movie 1480,Adventure,37532022,41830136,45.27,127,8.94,1,12.0,1.1145185836244047
Movie 1481,Action,92485680,139367688,83.15,87,7.07,1,28.0,1.506910994220943
Movie 1482,Thriller,104960587,287235876,65.82,118,8.91,1,53.0,2.7366069894407126
Movie 1483,Action,180963197,90681916,41.71,114,3.17,0,28.0,0.5011069515974566
Movie 1484,Action,89780367,247206446,66.67,128,5.03,1,28.0,2.7534577353643477
Movie 1485,Action,37045138,32767075,12.7,125,3.65,0,28.0,0.8845175580126061
Movie 1486,Comedy,193091911,574490131,40.75,117,4.57,1,35.0,2.975215937450637
Movie 1487,Romance,60912158,175860556,79.52,87,8.03,1,10749.0,2.8871174782545053
Movie 1488,Science Fiction,39808656,69135214,22.83,133,3.19,1,878.0,1.7366879705760476
Movie 1489,Horror,146098454,260318315,19.41,116,6.12,1,27.0,1.7818006137149132
Movie 1490,Romance,158210084,269569945,95.13,170,6.4,1,10749.0,1.7038733447610077
Movie 1491,Drama,21515189,44936819,21.78,171,6.37,1,18.0,2.0886090751979913
Movie 1492,Adventure,53534223,38908901,26.83,119,5.85,0,12.0,0.7268042537948108
Movie 1493,Romance,158606597,92236852,96.99,113,7.74,0,10749.0,0.5815448647448126
Movie 1494,Drama,186013447,119840525,73.74,175,3.8,0,18.0,0.6442573208161666
Movie 1495,Animation,122821649,197855036,70.26,158,4.86,1,16.0,1.6109133659327437
Movie 1496,Science Fiction,94050123,111813355,85.44,96,6.69,1,878.0,1.1888698433706462
Movie 1497,Horror,145780942,299594254,12.47,112,7.15,1,27.0,2.0550989031199975
Movie 1498,N/A,25374842,75645086,70.89,126,5.42,1,N/A,2.9811056951605845
Movie 1499,Action,29172140,42760754,50.87,131,8.25,1,28.0,1.4658079249585392
Movie 1500,Adventure,193919065,375156431,83.09,159,5.49,1,12.0,1.9346031345602868
Movie 1501,Romance,170336878,262150114,51.31,172,5.42,1,10749.0,1.5390097381026322
Movie 1502,Adventure,190689119,499258279,62.4,88,3.22,1,12.0,2.618179168366707
Movie 1503,Adventure,78632265,216678362,48.3,112,6.31,1,12.0,2.755591003260557
Movie 1504,Animation,111654479,300728948,48.34,139,7.25,1,16.0,2.693389022038247
Movie 1505,Horror,24387092,71598809,77.03,172,3.69,1,27.0,2.935930573436144
Movie 1506,Science Fiction,154373781,87807492,63.23,156,4.83,0,878.0,0.5687979618766997
Movie 1507,Animation,174895929,454649034,63.69,100,7.69,1,16.0,2.59954040439672
Movie 1508,N/A,2524102,6005925,45.58,137,5.2,1,N/A,2.379430387519997
Movie 1509,Science Fiction,146796877,157327501,53.58,164,4.45,1,878.0,1.0717360220136019
Movie 1510,Science Fiction,43607220,126059761,74.83,148,7.03,1,878.0,2.890800216111002
Movie 1511,Adventure,187932742,163585081,82.77,89,4.18,0,12.0,0.8704448158373596
Movie 1512,Thriller,22900146,50354554,69.96,85,8.37,1,53.0,2.1988748019335773
Movie 1513,Adventure,145131569,154162459,92.48,92,3.63,1,12.0,1.0622255382631467
Movie 1514,Animation,30061846,47451169,82.21,144,7.24,1,16.0,1.578451602739233
Movie 1515,Science Fiction,195741724,449794857,56.62,99,6.0,1,878.0,2.297899741600314
Movie 1516,Horror,158686353,302823008,67.47,136,8.22,1,27.0,1.9083115987926196
Movie 1517,Romance,138651110,217509563,92.7,125,3.76,1,10749.0,1.5687545739806916
Movie 1518,Romance,76779042,101029401,62.3,87,7.07,1,10749.0,1.3158460742451046
Movie 1519,N/A,29348817,76281952,82.66,89,6.43,1,N/A,2.5991491241367584
Movie 1520,Horror,97355770,83680777,69.19,152,5.88,0,27.0,0.8595358754802104
Movie 1521,Comedy,71503913,112637053,55.64,146,5.95,1,35.0,1.5752571890715967
Movie 1522,Animation,84952230,234416667,24.94,90,7.33,1,16.0,2.759393920559825
Movie 1523,N/A,159946576,418200136,43.17,91,8.63,1,N/A,2.614623872911165
Movie 1524,Thriller,109092941,163896260,96.81,89,3.55,1,53.0,1.5023544007306577
Movie 1525,Thriller,146040542,351632168,66.12,104,3.12,1,53.0,2.4077709051504343
Movie 1526,N/A,183574050,469564443,56.88,128,7.83,1,N/A,2.557902072760284
Movie 1527,Action,188096876,512040806,93.36,128,3.65,1,28.0,2.7222185550811595
Movie 1528,Animation,63076001,117401116,59.06,168,8.92,1,16.0,1.861264413386004
Movie 1529,Thriller,43942594,44432651,53.08,90,6.72,1,53.0,1.0111522091754528
Movie 1530,Animation,38747492,44105211,76.17,141,6.91,1,16.0,1.1382726654927757
Movie 1531,Comedy,130987754,162324830,71.55,115,4.19,1,35.0,1.2392366846751186
Movie 1532,Comedy,118574567,235311963,20.12,118,4.44,1,35.0,1.9845061968474234
Movie 1533,Thriller,16170521,9411632,47.66,132,6.96,0,53.0,0.5820240423917077
Movie 1534,Horror,161059574,336631609,47.78,169,8.46,1,27.0,2.0901061677960233
Movie 1535,Animation,127639062,180084114,38.44,157,8.89,1,16.0,1.410885595508372
Movie 1536,Science Fiction,13267883,16427025,52.21,135,4.19,1,878.0,1.238104451177328
Movie 1537,Animation,43639398,117771451,41.9,80,3.8,1,16.0,2.6987414216850563
Movie 1538,Horror,12984398,21424334,20.74,135,3.34,1,27.0,1.6500059532987206
Movie 1539,Science Fiction,170613808,125850309,41.82,83,8.21,0,878.0,0.7376326129477164
Movie 1540,Romance,165933123,425928244,8.16,109,4.77,1,10749.0,2.566866917824478
Movie 1541,Animation,175904668,108903132,58.0,91,3.01,0,16.0,0.6191031382976147
Movie 1542,Drama,158432789,367068660,85.51,114,4.34,1,18.0,2.316873055867242
Movie 1543,N/A,27854296,67818680,72.8,156,5.04,1,N/A,2.4347655385007756
Movie 1544,Thriller,4828433,6670511,36.68,131,8.95,1,53.0,1.3815063810557173
Movie 1545,Horror,87621344,224483223,9.62,110,6.14,1,27.0,2.561969638356609
Movie 1546,N/A,48149071,86145838,21.01,166,4.23,1,N/A,1.7891484967591587
Movie 1547,Drama,8152747,13519163,55.0,147,5.01,1,18.0,1.6582340896878072
Movie 1548,Animation,196246973,120399127,21.5,131,4.98,0,16.0,0.6135081991812429
Movie 1549,Drama,183562241,224877142,54.85,159,3.12,1,18.0,1.2250729821935438
Movie 1550,N/A,105800566,299153737,23.93,86,3.81,1,N/A,2.8275249208024085
Movie 1551,Action,105981218,156805561,85.04,101,7.17,1,28.0,1.4795599065487246
Movie 1552,Romance,92351453,172397195,40.33,172,3.72,1,10749.0,1.8667513005994611
Movie 1553,Horror,2020154,3696991,25.31,154,4.38,1,27.0,1.8300540453846588
Movie 1554,Drama,125284044,247571008,81.42,135,5.1,1,18.0,1.9760777198411634
Movie 1555,Romance,39499601,25806171,34.94,176,7.55,0,10749.0,0.6533273842437042
Movie 1556,Adventure,7733215,10868574,12.04,137,6.49,1,12.0,1.4054405573878392
Movie 1557,Horror,33339834,76942358,57.47,172,7.13,1,27.0,2.307820668813168
Movie 1558,Drama,41739629,41798090,58.57,143,6.4,1,18.0,1.0014006113949887
Movie 1559,Horror,165118515,166595655,71.75,91,7.1,1,27.0,1.008945938013069
Movie 1560,Science Fiction,74823165,39299110,24.78,86,3.02,0,878.0,0.5252265124042802
Movie 1561,Action,112855600,179858513,44.93,134,8.59,1,28.0,1.5937048139392285
Movie 1562,Adventure,116667420,315799566,28.95,141,3.67,1,12.0,2.706835944430759
Movie 1563,Adventure,162476925,102320226,9.01,169,5.44,0,12.0,0.6297523540650465
Movie 1564,Horror,183001908,178938675,87.78,152,7.63,0,27.0,0.9777967724795525
Movie 1565,Drama,182596907,232849647,73.16,177,5.61,1,18.0,1.2752113429829346
Movie 1566,Horror,11760888,27394775,30.84,156,8.68,1,27.0,2.3293117832599033
Movie 1567,Comedy,79414095,166895787,60.34,134,5.81,1,35.0,2.101588981150009
Movie 1568,Romance,94144811,144969806,20.93,115,8.25,1,10749.0,1.5398597592383503
Movie 1569,Animation,101018552,242209388,89.13,168,7.86,1,16.0,2.397672340423173
Movie 1570,Adventure,79483721,160881213,12.38,103,8.89,1,12.0,2.0240775214839277
Movie 1571,Drama,126410205,346376855,1.38,123,8.56,1,18.0,2.740101995720994
Movie 1572,N/A,184681944,470027897,50.7,96,8.39,1,N/A,2.545066869125008
Movie 1573,Adventure,103522878,117191419,58.73,81,7.39,1,12.0,1.1320340128101924
Movie 1574,Adventure,97719187,115171486,58.32,92,5.2,1,12.0,1.178596440840221
Movie 1575,Science Fiction,193293440,157223181,6.4,110,3.64,0,878.0,0.8133911890646677
Movie 1576,Adventure,15372528,20636263,32.09,172,7.13,1,12.0,1.3424118011038912
Movie 1577,Romance,129036268,386961676,50.42,107,8.87,1,10749.0,2.9988597934341996
Movie 1578,Science Fiction,181913293,275485474,22.44,139,7.36,1,878.0,1.5143779184954889
Movie 1579,Animation,160940253,169183787,87.39,106,8.57,1,16.0,1.051221082646117
Movie 1580,Action,174180913,419115368,9.62,94,7.83,1,28.0,2.406207205952583
Movie 1581,Comedy,199891843,371034743,49.25,174,3.98,1,35.0,1.8561775079536387
Movie 1582,Romance,121488081,106181023,69.45,158,4.5,0,10749.0,0.8740036234501062
Movie 1583,Drama,199031293,288938545,26.91,112,5.05,1,18.0,1.45172420198265
Movie 1584,Animation,115282788,177094454,62.8,99,4.01,1,16.0,1.536174281281261
Movie 1585,Science Fiction,181788888,433489101,83.11,121,6.49,1,878.0,2.3845742485646317
Movie 1586,Action,118105071,65156019,19.84,91,8.85,0,28.0,0.5516784203110128
Movie 1587,Drama,77767936,91186724,91.8,152,7.57,1,18.0,1.172549108156863
Movie 1588,Animation,152780276,274086402,55.8,102,5.54,1,16.0,1.7939907504814299
Movie 1589,Horror,194705934,228218107,30.62,151,3.03,1,27.0,1.172116854949064
Movie 1590,Science Fiction,41057648,85033883,43.65,175,4.88,1,878.0,2.071085099662796
Movie 1591,Comedy,72425912,123462185,31.91,93,6.16,1,35.0,1.7046686964742674
Movie 1592,Romance,133086923,186890723,72.79,170,4.95,1,10749.0,1.4042756327005923
Movie 1593,Comedy,82242298,236283895,79.83,104,3.67,1,35.0,2.8730215563772306
Movie 1594,Action,54520377,113424124,83.46,156,5.66,1,28.0,2.0803987470592875
Movie 1595,Animation,157100668,129585024,98.59,164,4.52,0,16.0,0.824853424557049
Movie 1596,N/A,39580196,75211445,79.34,110,8.46,1,N/A,1.9002292206941067
Movie 1597,Thriller,116581866,285838873,60.54,133,3.61,1,53.0,2.4518296267448663
Movie 1598,Horror,112902075,256425929,34.58,84,3.29,1,27.0,2.2712242356927455
Movie 1599,Comedy,183883013,171052221,54.91,92,3.03,0,35.0,0.9302230706867959
Movie 1600,Romance,193545574,567291754,5.07,107,4.97,1,10749.0,2.9310499965243326
Movie 1601,Drama,18687991,30312558,74.74,122,6.96,1,18.0,1.6220340645497957
Movie 1602,Adventure,40509310,36359637,45.15,168,7.38,0,12.0,0.89756248625316
Movie 1603,Thriller,32061293,30473918,2.98,178,5.72,0,53.0,0.950489364231193
Movie 1604,N/A,165490583,123387706,7.19,126,7.11,0,N/A,0.7455874755121262
Movie 1605,Action,129425994,324703321,39.36,150,5.16,1,28.0,2.508795265655831
Movie 1606,Adventure,124368509,100126131,58.76,117,7.01,0,12.0,0.8050762351746132
Movie 1607,Comedy,181534424,147553565,46.96,175,3.24,0,35.0,0.8128131389559481
Movie 1608,Action,11679043,30671257,62.3,146,5.34,1,28.0,2.626178960039791
Movie 1609,Horror,190716026,259661816,48.55,141,7.75,1,27.0,1.3615102068034912
Movie 1610,Romance,115161223,66464696,66.51,118,7.82,0,10749.0,0.577144756442887
Movie 1611,Romance,23470291,14780139,22.69,116,7.3,0,10749.0,0.6297382081883859
Movie 1612,Drama,109773212,93902872,12.17,165,4.23,0,18.0,0.8554261125200564
Movie 1613,Thriller,106856574,110434492,60.05,87,4.48,1,53.0,1.033483368089267
Movie 1614,Animation,185980789,402251429,48.98,160,8.98,1,16.0,2.1628654828429617
Movie 1615,Science Fiction,195290548,174456112,3.66,131,3.62,0,878.0,0.893315696978842
Movie 1616,Adventure,78921522,62915130,38.67,170,4.08,0,12.0,0.7971859691200582
Movie 1617,Romance,55496748,133846937,11.51,112,3.78,1,10749.0,2.4117978408392506
Movie 1618,Action,186412937,405939934,53.6,160,4.97,1,28.0,2.1776382075885645
Movie 1619,Thriller,40043896,63602142,40.18,121,4.26,1,53.0,1.5883105380155818
Movie 1620,Adventure,142674713,267268891,61.7,155,5.99,1,12.0,1.8732744253005786
Movie 1621,Animation,158762472,203209621,80.75,106,5.86,1,16.0,1.2799600462255336
Movie 1622,Horror,85912633,146588520,30.67,87,8.41,1,27.0,1.7062510469211205
Movie 1623,Comedy,128064322,226248884,96.25,102,3.21,1,35.0,1.7666816211309813
Movie 1624,Animation,59865527,87888171,54.03,143,4.92,1,16.0,1.4680931648693245
Movie 1625,Drama,162599237,449819492,62.21,172,6.58,1,18.0,2.7664305214421145
Movie 1626,Science Fiction,21521013,11624675,68.39,99,6.63,0,878.0,0.5401546386315551
Movie 1627,Science Fiction,136732270,335736265,67.01,95,5.88,1,878.0,2.455428151671877
Movie 1628,Horror,124798230,101206007,51.59,96,7.89,0,27.0,0.8109570704648615
Movie 1629,Comedy,38735088,96600211,43.45,159,3.38,1,35.0,2.493868375876673
Movie 1630,Thriller,79427656,162014927,6.32,98,7.89,1,53.0,2.0397797840087337
Movie 1631,Thriller,150353491,392151257,3.19,87,5.97,1,53.0,2.6081952230826486
Movie 1632,Adventure,108509488,80707817,36.44,117,3.8,0,12.0,0.743785806085455
Movie 1633,Comedy,44951994,85294232,34.03,117,8.31,1,35.0,1.8974515791223856
Movie 1634,Animation,92233769,161659943,39.38,132,6.9,1,16.0,1.7527196899001276
Movie 1635,N/A,66489314,150630407,14.7,172,3.98,1,N/A,2.2654829466280852
Movie 1636,Romance,36383985,66791041,74.08,179,3.2,1,10749.0,1.8357263779654702
Movie 1637,Comedy,37595773,69621221,85.84,169,3.85,1,35.0,1.8518364019274187
Movie 1638,Action,125106967,196917097,93.93,110,6.65,1,28.0,1.5739898562164008
Movie 1639,Action,97362498,123853476,49.74,123,4.08,1,28.0,1.272086055146202
Movie 1640,Thriller,15315679,26123354,70.39,139,4.35,1,53.0,1.705660845986652
Movie 1641,N/A,112156962,89302838,85.7,155,3.15,0,N/A,0.7962308929159475
Movie 1642,Romance,159658533,463613789,42.41,96,7.34,1,10749.0,2.903783344921502
Movie 1643,Thriller,156982967,358867286,31.63,158,7.86,1,53.0,2.286026903797786
Movie 1644,Romance,159803950,460421993,93.74,152,7.78,1,10749.0,2.8811677871541974
Movie 1645,Romance,150744728,160817257,52.05,118,3.77,1,10749.0,1.066818449531449
Movie 1646,Horror,131738504,355476928,50.23,121,8.42,1,27.0,2.698352548469808
Movie 1647,Adventure,86561923,218307002,18.66,127,7.03,1,12.0,2.5219749565868588
Movie 1648,Comedy,76532173,167825950,11.71,91,8.39,1,35.0,2.19288102534342
Movie 1649,Thriller,125497505,258847761,84.37,175,5.68,1,53.0,2.0625729650959994
Movie 1650,Drama,86607690,111842933,61.8,168,5.62,1,18.0,1.2913741608857134
Movie 1651,Science Fiction,11569320,29397954,33.26,97,7.71,1,878.0,2.541026957504849
Movie 1652,Action,70448631,123552009,19.98,158,3.56,1,28.0,1.753788643529496
Movie 1653,Thriller,68001666,46052696,55.99,175,6.13,0,53.0,0.6772289373028008
Movie 1654,Animation,99609786,127715474,58.81,85,8.02,1,16.0,1.2821578996264484
Movie 1655,Drama,20391451,57875887,21.49,122,7.98,1,18.0,2.8382427027875554
Movie 1656,Animation,169263196,444603747,85.29,114,8.74,1,16.0,2.626700650270127
Movie 1657,Animation,60047560,177426383,9.34,177,7.19,1,16.0,2.9547642402122585
Movie 1658,Thriller,191596290,396601150,36.25,133,4.25,1,53.0,2.069983453228661
Movie 1659,Romance,78960088,88338586,68.36,141,3.12,1,10749.0,1.118775171577823
Movie 1660,Animation,171482401,155540989,28.14,148,5.88,0,16.0,0.9070376207293716
Movie 1661,N/A,153137897,148128159,82.94,161,6.08,0,N/A,0.9672860990117946
Movie 1662,Animation,72087566,39611335,74.25,95,4.44,0,16.0,0.5494891449102332
Movie 1663,Animation,130888295,193283435,79.11,87,3.75,1,16.0,1.4767052699402952
Movie 1664,Romance,106169850,103894545,12.79,168,6.52,0,10749.0,0.9785691983176015
Movie 1665,Animation,135823137,207692408,14.91,175,7.59,1,16.0,1.5291386474161615
Movie 1666,Science Fiction,144680471,410528822,29.36,169,8.96,1,878.0,2.837486076472615
Movie 1667,Romance,12377787,19511731,52.29,165,7.55,1,10749.0,1.5763505221086773
Movie 1668,Comedy,22827621,61519553,75.05,110,7.76,1,35.0,2.694961205112
Movie 1669,Romance,42892167,86374612,83.82,89,6.7,1,10749.0,2.0137619066903287
Movie 1670,Science Fiction,36280122,40554968,70.73,135,8.92,1,878.0,1.1178288760991488
Movie 1671,Thriller,155275716,215776864,92.93,155,6.84,1,53.0,1.38963689595867
Movie 1672,Science Fiction,141026769,100100636,74.14,171,8.16,0,878.0,0.7097988325890101
Movie 1673,Romance,80655365,107566550,31.32,149,8.67,1,10749.0,1.3336564777804925
Movie 1674,Romance,106750564,234194977,27.24,99,8.58,1,10749.0,2.1938523622226485
Movie 1675,Action,141373307,96173112,69.92,84,5.29,0,28.0,0.6802777273930503
Movie 1676,N/A,84665691,85808975,20.09,102,3.47,1,N/A,1.0135035099400536
Movie 1677,N/A,59544068,86553412,10.18,88,4.03,1,N/A,1.4536025990028092
Movie 1678,N/A,167244944,494229521,53.69,137,3.36,1,N/A,2.9551238391995875
Movie 1679,Science Fiction,34957164,86069940,82.34,138,3.63,1,878.0,2.4621545386233277
Movie 1680,Animation,186055455,434200753,11.04,172,4.11,1,16.0,2.3337168641467674
Movie 1681,Adventure,70058877,55379958,79.4,159,5.05,0,12.0,0.790477386612977
Movie 1682,Action,129452956,317482045,81.35,133,6.26,1,28.0,2.452489729164624
Movie 1683,Horror,136350386,335854456,48.75,125,7.27,1,27.0,2.463172022116608
Movie 1684,Action,53316857,106780694,6.67,101,4.27,1,28.0,2.0027567266390065
Movie 1685,Science Fiction,38877058,115694410,18.28,143,7.04,1,878.0,2.97590445244082
Movie 1686,Horror,152651895,200452510,71.04,87,7.23,1,27.0,1.3131347632467976
Movie 1687,Thriller,160394855,457635572,71.47,99,6.35,1,53.0,2.853181119805869
Movie 1688,Drama,189028967,526791177,89.94,130,8.42,1,18.0,2.786827782855101
Movie 1689,Animation,14881178,7867703,58.69,157,3.67,0,16.0,0.5287016256374327
Movie 1690,Romance,74135852,120492356,13.29,118,4.06,1,10749.0,1.6252913097970467
Movie 1691,Romance,16590661,48822343,13.02,116,5.57,1,10749.0,2.9427605687320115
Movie 1692,Science Fiction,92312343,69954607,72.39,129,3.76,0,878.0,0.7578033958037442
Movie 1693,Thriller,144674535,270463507,19.19,113,6.4,1,53.0,1.8694617335386632
Movie 1694,Animation,164559776,485022458,33.51,154,5.39,1,16.0,2.947393766505856
Movie 1695,Animation,139902074,264238441,49.23,112,4.71,1,16.0,1.8887385543691082
Movie 1696,Horror,153042287,149145563,3.45,110,4.02,0,27.0,0.9745382529470433
Movie 1697,Adventure,90605800,177175843,25.63,133,5.01,1,12.0,1.9554580722205421
Movie 1698,Horror,93379916,94416567,41.38,123,6.65,1,27.0,1.0111014342741538
Movie 1699,N/A,106283946,191232522,28.68,113,6.45,1,N/A,1.7992606522155283
Movie 1700,Thriller,43827096,30026186,14.5,150,3.98,0,53.0,0.6851055338003686
Movie 1701,Romance,187118499,376801770,73.07,141,3.75,1,10749.0,2.013706672582918
Movie 1702,Romance,50352346,90230137,81.5,102,3.16,1,10749.0,1.7919748366838757
Movie 1703,Science Fiction,12667877,29774621,26.49,125,3.07,1,878.0,2.350403386455363
Movie 1704,Horror,8393979,17432205,77.67,135,8.28,1,27.0,2.076751085510221
Movie 1705,Romance,145332806,272355956,39.17,86,3.27,1,10749.0,1.8740156713137432
Movie 1706,Action,29506244,65635079,51.16,168,7.39,1,28.0,2.2244471034673206
Movie 1707,Action,26214698,22540833,85.74,140,8.23,0,28.0,0.8598547654449423
Movie 1708,Drama,103285868,205373532,75.25,82,3.59,1,18.0,1.988399148661848
Movie 1709,N/A,121130296,112684668,80.71,117,5.62,0,N/A,0.9302765015946135
Movie 1710,Thriller,126616114,356273120,14.55,163,8.77,1,53.0,2.813805516097264
Movie 1711,Adventure,18486878,12401649,7.9,113,8.0,0,12.0,0.6708352270188617
Movie 1712,Comedy,58195030,91711693,89.45,123,5.94,1,35.0,1.575936862649611
Movie 1713,Adventure,23098345,51728597,39.4,109,7.58,1,12.0,2.2394936520343776
Movie 1714,Comedy,17620937,28987419,29.5,96,8.0,1,35.0,1.645055481442332
Movie 1715,N/A,32984287,24086384,72.74,138,5.09,0,N/A,0.7302381282336041
Movie 1716,Adventure,98147242,184855181,83.81,89,8.35,1,12.0,1.8834475348782598
Movie 1717,Adventure,177631220,373750256,86.39,178,5.82,1,12.0,2.104079767058966
Movie 1718,Romance,145746022,329310335,32.28,163,6.17,1,10749.0,2.2594807767720755
Movie 1719,Animation,154587614,221547167,85.37,97,9.0,1,16.0,1.4331495342181813
Movie 1720,Comedy,5810833,11093751,5.05,124,8.06,1,35.0,1.9091498585486797
Movie 1721,Adventure,24480675,39823110,5.92,170,5.17,1,12.0,1.6267161751054657
Movie 1722,Action,85328141,186027301,62.73,138,3.06,1,28.0,2.1801400900085235
Movie 1723,Comedy,29500556,57788415,7.25,141,6.76,1,35.0,1.9588924018923575
Movie 1724,Adventure,33073692,60008594,33.14,138,7.22,1,12.0,1.8143905433962437
Movie 1725,Horror,38316107,43060059,67.6,128,6.9,1,27.0,1.1238109080340548
Movie 1726,Action,28427110,14357006,34.39,179,8.81,0,28.0,0.5050462744893871
Movie 1727,Comedy,25192961,23560562,18.78,142,8.18,0,35.0,0.9352041627818183
Movie 1728,Romance,160077599,126887926,28.85,166,5.69,0,10749.0,0.7926650998807148
Movie 1729,Horror,93763660,152151403,46.3,111,3.38,1,27.0,1.6227118587307705
Movie 1730,Science Fiction,60844250,123553094,48.06,89,5.86,1,878.0,2.030645360900989
Movie 1731,Romance,188630704,194801290,78.52,90,7.14,1,10749.0,1.0327125217112056
Movie 1732,Science Fiction,30263888,86180740,75.27,149,6.65,1,878.0,2.847642708696252
Movie 1733,Action,43106078,22273139,46.22,141,6.23,0,28.0,0.5167053008162793
Movie 1734,Drama,8281505,20130289,84.72,126,5.81,1,18.0,2.430752502111633
Movie 1735,Comedy,39679227,81858718,12.31,113,4.76,1,35.0,2.0630119130092934
Movie 1736,Thriller,39965695,57306290,26.28,179,4.66,1,53.0,1.4338869873275069
Movie 1737,Comedy,172735895,108171080,82.97,96,6.0,0,35.0,0.6262223610211416
Movie 1738,Romance,27540396,56973269,38.42,133,3.96,1,10749.0,2.068716404804056
Movie 1739,Science Fiction,129184994,189131195,98.14,155,5.04,1,878.0,1.4640337793412754
Movie 1740,Drama,15812143,44917046,47.16,164,4.94,1,18.0,2.8406678335757527
Movie 1741,Adventure,192042885,356234786,79.4,119,6.52,1,12.0,1.8549751843188567
Movie 1742,Science Fiction,144206866,410863931,40.83,98,3.4,1,878.0,2.8491287717188167
Movie 1743,Action,48364509,50841218,43.07,146,7.98,1,28.0,1.0512092245162667
Movie 1744,Animation,80146438,185484085,38.91,161,6.37,1,16.0,2.3143147671765525
Movie 1745,N/A,178238601,364163305,72.19,132,7.02,1,N/A,2.043122550092278
Movie 1746,Animation,110487327,259481760,55.2,143,7.22,1,16.0,2.3485205683363124
Movie 1747,Romance,119633441,124020358,94.43,162,4.75,1,10749.0,1.0366696549336902
Movie 1748,Drama,127152510,274965559,25.84,126,5.82,1,18.0,2.162486285170462
Movie 1749,Science Fiction,74663899,130296043,10.96,85,8.74,1,878.0,1.7451009757741154
Movie 1750,N/A,33735803,79517394,39.93,95,7.6,1,N/A,2.3570624360119723
Movie 1751,N/A,16886372,22249679,62.05,151,8.82,1,N/A,1.3176115627442058
Movie 1752,N/A,172840476,471014937,86.22,97,7.48,1,N/A,2.7251425586215117
Movie 1753,Drama,167674709,119175350,35.27,131,4.05,0,18.0,0.7107532836093964
Movie 1754,Romance,2656671,6689426,65.72,127,3.39,1,10749.0,2.5179730572585015
Movie 1755,N/A,90567715,240303233,35.67,122,6.47,1,N/A,2.6532990591625283
Movie 1756,Thriller,23922481,60837997,62.1,118,5.15,1,53.0,2.543130748018987
Movie 1757,N/A,43081603,76763488,88.6,128,4.65,1,N/A,1.7818159644616751
Movie 1758,Adventure,178715391,285223053,23.9,91,7.84,1,12.0,1.5959624484720514
Movie 1759,Science Fiction,89785936,268518822,41.02,89,5.2,1,878.0,2.990655708038729
Movie 1760,Comedy,91126859,97772729,99.33,150,4.9,1,35.0,1.0729298702153225
Movie 1761,Animation,21833173,40766680,86.99,134,8.1,1,16.0,1.8671898949364805
Movie 1762,Science Fiction,91503568,199174792,56.9,80,8.08,1,878.0,2.1766888040912242
Movie 1763,Animation,85483977,192524370,52.15,128,5.14,1,16.0,2.2521690819321614
Movie 1764,Action,155936181,157505158,29.18,115,7.99,1,28.0,1.0100616610586353
Movie 1765,Animation,144379136,308247323,52.2,100,8.1,1,16.0,2.134985230830028
Movie 1766,Drama,53374647,135887790,84.97,116,5.54,1,18.0,2.545923910278976
Movie 1767,N/A,197460538,123422006,68.83,103,3.4,0,N/A,0.6250464383926676
Movie 1768,Thriller,172432145,479155002,29.71,134,3.01,1,53.0,2.7788032330050756
Movie 1769,Science Fiction,155571455,89260699,20.94,104,6.14,0,878.0,0.5737601348525023
Movie 1770,Animation,135766876,188706125,27.26,86,5.06,1,16.0,1.3899275770328545
Movie 1771,Science Fiction,37328139,20139762,17.81,160,8.98,0,878.0,0.5395329780571166
Movie 1772,N/A,97953082,67868058,10.47,172,7.63,0,N/A,0.6928629157375569
Movie 1773,Romance,22845218,63462204,42.49,173,7.57,1,10749.0,2.7779207009536964
Movie 1774,Romance,137991667,191415427,12.22,150,8.73,1,10749.0,1.3871520734654217
Movie 1775,N/A,36490172,56995051,18.02,176,8.33,1,N/A,1.5619288119551753
Movie 1776,Romance,37989387,39446696,55.19,150,4.91,1,10749.0,1.0383609506518228
Movie 1777,Romance,106600006,212426034,17.3,103,4.0,1,10749.0,1.9927394187951546
Movie 1778,Science Fiction,14426716,28666000,7.32,90,7.48,1,878.0,1.9870079926713744
Movie 1779,Comedy,96019914,137356581,32.42,152,5.27,1,35.0,1.4305009792031265
Movie 1780,Drama,39710304,52917442,22.81,91,5.84,1,18.0,1.3325871793879998
Movie 1781,Horror,48718021,132143284,52.02,114,6.78,1,27.0,2.7124107524810994
Movie 1782,Thriller,27996639,40824995,11.13,142,8.45,1,53.0,1.4582105730620023
Movie 1783,Horror,88649202,153695773,75.43,147,5.51,1,27.0,1.7337524707780223
Movie 1784,Adventure,11774986,14227267,90.72,179,7.7,1,12.0,1.2082619036659576
Movie 1785,Horror,5421590,13374649,74.6,171,4.61,1,27.0,2.46692372532781
Movie 1786,Thriller,37089369,55397437,53.75,136,7.19,1,53.0,1.4936203686830045
Movie 1787,Drama,146763809,261830688,86.21,92,3.01,1,18.0,1.784027614055724
Movie 1788,Action,102475757,116145297,69.8,102,8.23,1,28.0,1.1333929155556275
Movie 1789,N/A,134313249,398796046,2.04,162,3.18,1,N/A,2.96914897799844
Movie 1790,Comedy,30221379,37134197,40.01,118,7.28,1,35.0,1.2287393305249241
Movie 1791,Horror,171482786,416164084,85.24,167,3.28,1,27.0,2.426856325975483
Movie 1792,Horror,60644300,95135086,35.24,159,4.6,1,27.0,1.5687391230503114
Movie 1793,Action,180142120,182942161,4.49,176,5.98,1,28.0,1.0155435108679747
Movie 1794,Animation,166888038,417102757,74.87,91,5.52,1,16.0,2.499296905869311
Movie 1795,Comedy,117067598,156170162,80.4,113,4.15,1,35.0,1.3340169668467956
Movie 1796,Drama,193455542,515168890,16.9,150,5.0,1,18.0,2.6629833638986677
Movie 1797,Action,58641756,163501599,54.2,154,7.37,1,28.0,2.7881429573834726
Movie 1798,Animation,27552476,73001926,20.0,110,7.02,1,16.0,2.6495595531958727
Movie 1799,Horror,143891891,84539333,72.2,172,3.43,0,27.0,0.587519785948188
Movie 1800,Drama,118884703,293458967,27.88,141,7.48,1,18.0,2.468433361018701
Movie 1801,Adventure,86388417,132031621,32.31,92,3.32,1,12.0,1.5283486558157444
Movie 1802,Adventure,99023086,265808392,84.65,110,6.26,1,12.0,2.6843072937557206
Movie 1803,Adventure,183766675,384970171,48.16,81,4.56,1,12.0,2.0948856532339173
Movie 1804,Science Fiction,127749717,330119044,67.31,94,6.53,1,878.0,2.5841078301566807
Movie 1805,Drama,28209162,49325960,40.83,136,4.57,1,18.0,1.7485794154395653
Movie 1806,Science Fiction,100898906,185408173,30.5,154,8.91,1,878.0,1.8375637591154854
Movie 1807,Drama,58396048,50277191,62.92,113,4.86,0,18.0,0.860969067632796
Movie 1808,Adventure,111538109,274380223,16.33,147,4.45,1,12.0,2.459968395196659
Movie 1809,Comedy,112917803,174850285,37.93,154,4.67,1,35.0,1.548474025836298
Movie 1810,Romance,135442423,237051368,21.69,108,8.38,1,10749.0,1.7502002899047369
Movie 1811,Horror,188991004,465436515,69.88,145,6.82,1,27.0,2.462744284907868
Movie 1812,Comedy,27267668,54456627,94.48,95,7.38,1,35.0,1.9971134678623783
Movie 1813,Science Fiction,149281646,149691695,99.56,118,8.51,1,878.0,1.0027468145682157
Movie 1814,Comedy,193102351,381489460,45.58,156,8.47,1,35.0,1.975581643747051
Movie 1815,Romance,193672612,294204606,26.0,116,7.43,1,10749.0,1.519082140535183
Movie 1816,Drama,59093498,98911515,44.84,160,4.19,1,18.0,1.6738138432759557
Movie 1817,Comedy,117052051,66810757,84.88,100,8.06,0,35.0,0.5707781831178678
Movie 1818,Drama,98042181,100500429,21.39,123,4.22,1,18.0,1.0250733712257993
Movie 1819,Comedy,44353746,53339602,95.26,98,7.46,1,35.0,1.202595199061653
Movie 1820,Thriller,105003512,239660017,34.84,150,7.11,1,53.0,2.282400011534852
Movie 1821,Adventure,21610500,11426145,98.59,87,7.55,0,12.0,0.5287311723467759
Movie 1822,Drama,148463424,225952891,84.02,156,6.2,1,18.0,1.521943148771781
Movie 1823,Thriller,36402297,102292899,81.05,145,6.83,1,53.0,2.8100671504328423
Movie 1824,Science Fiction,83030459,64738976,32.47,120,8.72,0,878.0,0.7797015309767227
Movie 1825,Thriller,159581669,285820498,1.87,154,3.61,1,53.0,1.7910609645271978
Movie 1826,Action,183341134,452175330,38.83,167,4.85,1,28.0,2.4663059518329367
Movie 1827,Romance,110971388,316970712,30.88,149,6.67,1,10749.0,2.856328263642156
Movie 1828,Science Fiction,56229602,133092184,4.7,140,8.78,1,878.0,2.3669415977726467
Movie 1829,Horror,134719871,310046179,51.03,105,3.57,1,27.0,2.301413864922718
Movie 1830,Horror,115533144,296483490,40.9,150,3.14,1,27.0,2.5662202181566185
Movie 1831,Comedy,118785367,191898122,63.82,162,3.33,1,35.0,1.6155030442428149
Movie 1832,Thriller,2074961,5217720,62.5,149,3.31,1,53.0,2.5146111179920974
Movie 1833,Romance,147168299,76514419,12.95,108,8.45,0,10749.0,0.5199110101829743
Movie 1834,Drama,154372879,434004319,97.72,145,7.33,1,18.0,2.811402636340027
Movie 1835,Drama,186683482,300236747,19.51,98,7.06,1,18.0,1.6082662685710993
Movie 1836,Animation,132827271,250173585,45.08,147,6.14,1,16.0,1.8834504625183484
Movie 1837,Comedy,148084347,168402351,49.32,137,7.69,1,35.0,1.1372056156617283
Movie 1838,Science Fiction,70583832,166318594,81.49,149,3.93,1,878.0,2.356327069349253
Movie 1839,N/A,124113052,85835285,10.82,136,5.35,0,N/A,0.6915895114721697
Movie 1840,Thriller,115232628,309006606,43.44,116,5.94,1,53.0,2.6815895060555244
Movie 1841,Drama,124085319,318935511,63.22,140,3.66,1,18.0,2.5702920665417315
Movie 1842,Science Fiction,90858638,94506638,22.3,171,5.52,1,878.0,1.0401502826841846
Movie 1843,Thriller,70551130,178022442,63.12,109,4.9,1,53.0,2.5233109944518253
Movie 1844,Action,139655405,344375471,92.44,150,3.21,1,28.0,2.4658943275414225
Movie 1845,Animation,131371121,273323068,99.75,152,3.82,1,16.0,2.080541491306906
Movie 1846,Action,48347699,69320952,4.21,104,7.58,1,28.0,1.4338004379484532
Movie 1847,N/A,77716230,91607764,24.32,176,3.11,1,N/A,1.1787468846597422
Movie 1848,N/A,6241218,6737138,31.72,144,8.61,1,N/A,1.0794588492182136
Movie 1849,N/A,27821567,36071285,40.51,85,3.52,1,N/A,1.2965224065200929
Movie 1850,Thriller,190700011,526121518,24.98,97,7.8,1,53.0,2.758896107247734
Movie 1851,Horror,140698868,97659357,21.15,89,8.39,0,27.0,0.6941019383325814
Movie 1852,Comedy,159209559,409515355,95.5,171,8.65,1,35.0,2.5721781881199735
Movie 1853,Drama,197915003,271583952,91.93,90,8.2,1,18.0,1.3722251869910034
Movie 1854,Thriller,129897401,234334715,5.65,176,4.73,1,53.0,1.8039984880067
Movie 1855,Romance,106644558,265141202,34.54,144,5.0,1,10749.0,2.4862140832352644
Movie 1856,Animation,190074584,515281052,41.11,156,5.56,1,16.0,2.7109413639437454
Movie 1857,Animation,6290717,8567664,24.66,163,3.84,1,16.0,1.3619534943314093
Movie 1858,Drama,154876934,256260722,63.26,144,3.13,1,18.0,1.6546086972511995
Movie 1859,Drama,1797968,2762200,64.4,131,8.21,1,18.0,1.5362898561042244
Movie 1860,Adventure,193442237,103129392,85.2,146,6.32,0,12.0,0.5331275816459877
Movie 1861,Action,56940773,70598428,74.35,161,6.65,1,28.0,1.239857210930382
Movie 1862,Romance,164381167,270895738,54.71,157,8.56,1,10749.0,1.6479730795438385
Movie 1863,Animation,154869243,236599011,65.71,110,6.99,1,16.0,1.5277340188199926
Movie 1864,Science Fiction,8339838,19221851,28.12,170,7.15,1,878.0,2.3048230673065833
Movie 1865,Science Fiction,114900245,167985197,59.71,96,7.72,1,878.0,1.4620090409728892
Movie 1866,Drama,84629045,145853176,49.43,134,3.7,1,18.0,1.7234411188262848
Movie 1867,Animation,58661940,92335153,14.2,172,5.16,1,16.0,1.5740214694570278
Movie 1868,Comedy,82576052,194182984,25.01,115,8.81,1,35.0,2.3515653666755587
Movie 1869,N/A,120245185,319543281,29.88,105,8.54,1,N/A,2.6574309898562674
Movie 1870,Science Fiction,77107468,141085284,92.51,132,8.3,1,878.0,1.8297226930081532
Movie 1871,Adventure,106573072,263617071,23.81,96,5.71,1,12.0,2.473580483820528
Movie 1872,Science Fiction,50909831,63228315,29.64,165,8.14,1,878.0,1.2419667038376143
Movie 1873,Romance,117387604,217569005,37.57,104,3.29,1,10749.0,1.8534240208190977
Movie 1874,Thriller,43721553,59595750,66.71,81,3.89,1,53.0,1.3630748660734902
Movie 1875,Comedy,76134271,116904349,12.71,165,5.48,1,35.0,1.535502310122599
Movie 1876,N/A,89240465,208022617,95.44,84,5.9,1,N/A,2.3310346601174703
Movie 1877,Adventure,183273389,495599872,86.69,83,4.58,1,12.0,2.704156204586799
Movie 1878,Horror,160772142,129218756,58.14,115,5.14,0,27.0,0.8037384735472393
Movie 1879,Romance,162149534,338340916,67.73,85,3.98,1,10749.0,2.086598139714666
Movie 1880,Romance,148693733,290749706,2.65,100,5.93,1,10749.0,1.9553595174048122
Movie 1881,Thriller,179939423,143238546,34.56,156,7.76,0,53.0,0.796037597608613
Movie 1882,Drama,138369610,142484144,79.77,168,6.97,1,18.0,1.0297358213266627
Movie 1883,Horror,33134444,42329458,8.67,105,3.65,1,27.0,1.2775062107576032
Movie 1884,Drama,31319320,28730079,28.95,134,5.93,0,18.0,0.9173276750580792
Movie 1885,Adventure,66062907,73285148,58.94,118,7.19,1,12.0,1.1093236935516628
Movie 1886,Romance,129208997,151045575,26.38,163,6.18,1,10749.0,1.1690019929494537
Movie 1887,Comedy,141955048,190104011,93.46,112,5.35,1,35.0,1.3391845776417899
Movie 1888,Adventure,171161543,406247837,13.97,93,6.73,1,12.0,2.3734761318434714
Movie 1889,Drama,158991690,306819064,79.94,135,8.81,1,18.0,1.9297805061384026
Movie 1890,Horror,185713429,550754842,51.29,179,3.57,1,27.0,2.9656166760024663
Movie 1891,Thriller,183236247,281604714,75.28,160,5.34,1,53.0,1.5368395642811872
Movie 1892,Thriller,90859624,216669554,31.76,100,5.44,1,53.0,2.38466267480922
Movie 1893,Thriller,174054539,466234855,51.93,125,6.46,1,53.0,2.6786710514915097
Movie 1894,Horror,37097069,81518814,85.83,95,3.91,1,27.0,2.197446218729571
Movie 1895,Comedy,76142815,116472759,47.22,95,4.06,1,35.0,1.5296618466233485
Movie 1896,Comedy,79888398,190452868,36.61,163,4.71,1,35.0,2.383986570866022
Movie 1897,Thriller,193656693,195432107,54.08,108,8.74,1,53.0,1.009167842187618
Movie 1898,Horror,99138203,130751434,72.02,171,7.4,1,27.0,1.3188804118226756
Movie 1899,Adventure,65274067,121847958,44.91,87,6.97,1,12.0,1.8667131312654381
Movie 1900,Horror,144952544,280993908,93.95,167,7.9,1,27.0,1.9385234659972577
Movie 1901,Science Fiction,111830503,62105482,30.2,82,3.77,0,878.0,0.5553536855682389
Movie 1902,Action,42965471,123000926,48.07,168,8.16,1,28.0,2.8627854678935094
Movie 1903,Comedy,17052465,38224262,75.94,98,6.57,1,35.0,2.2415681251948034
Movie 1904,Drama,60963387,106031142,69.22,176,5.01,1,18.0,1.7392593689061273
Movie 1905,Romance,43590048,123482676,86.5,145,7.9,1,10749.0,2.832818078108104
Movie 1906,Thriller,77070913,123139196,99.68,158,7.82,1,53.0,1.5977389031319766
Movie 1907,Comedy,148069152,436965234,43.26,165,8.07,1,35.0,2.9510889209387785
Movie 1908,Horror,109948256,195786167,12.0,153,3.69,1,27.0,1.7807118923286969
Movie 1909,Action,33356072,26208346,4.01,161,8.82,0,28.0,0.7857143970668968
Movie 1910,Comedy,164753932,397386884,72.96,101,8.76,1,35.0,2.4120024279602625
Movie 1911,Animation,86936029,191019695,87.53,125,5.14,1,16.0,2.1972443093760354
Movie 1912,Science Fiction,143606240,349317411,22.85,170,3.4,1,878.0,2.4324667994928353
Movie 1913,Comedy,52599948,151414477,16.69,92,4.0,1,35.0,2.8786050701038715
Movie 1914,Horror,70056627,171023867,7.16,112,8.96,1,27.0,2.4412232550105504
Movie 1915,Animation,195567833,396678352,82.45,84,6.38,1,16.0,2.0283415013347312
Movie 1916,Comedy,95159765,251533166,31.83,169,5.14,1,35.0,2.643272248518058
Movie 1917,Action,42208934,92147003,40.77,156,4.73,1,28.0,2.183116091015234
Movie 1918,Animation,34138881,51901260,50.77,106,4.54,1,16.0,1.520297633657061
Movie 1919,N/A,172654309,468592325,84.11,157,6.98,1,N/A,2.7140494072464767
Movie 1920,Adventure,22650278,23890406,65.43,103,5.52,1,12.0,1.0547511160790168
Movie 1921,Adventure,58376857,133484707,61.89,146,8.79,1,12.0,2.286603182490623
Movie 1922,Comedy,9439469,25523461,18.39,142,7.1,1,35.0,2.703908556720722
Movie 1923,Romance,25455289,59267327,51.81,173,7.75,1,10749.0,2.3282912639491147
Movie 1924,Science Fiction,39400142,88381947,71.82,178,4.76,1,878.0,2.243188539777344
Movie 1925,Comedy,55332385,131779372,97.35,127,3.48,1,35.0,2.3815957327702395
Movie 1926,Comedy,177881769,295753010,20.94,142,5.93,1,35.0,1.6626381200425322
Movie 1927,N/A,183461302,492671879,1.94,157,4.89,1,N/A,2.685426701048922
Movie 1928,Drama,195929067,197612330,8.45,91,4.21,1,18.0,1.0085911857070191
Movie 1929,Science Fiction,181679984,148698897,38.21,107,8.72,0,878.0,0.818466039715195
Movie 1930,Action,61344167,74457829,82.23,123,5.66,1,28.0,1.2137719467280401
Movie 1931,N/A,50092554,91616450,1.71,172,4.05,1,N/A,1.8289434793043293
Movie 1932,Drama,82500098,146553544,46.22,122,4.19,1,18.0,1.776404483786189
Movie 1933,Horror,92144826,235107237,33.59,96,4.68,1,27.0,2.551496890340864
Movie 1934,Action,136661445,206553065,6.2,119,9.0,1,28.0,1.5114216376096419
Movie 1935,Science Fiction,139627080,238882534,45.57,128,4.61,1,878.0,1.7108610593303248
Movie 1936,Romance,178366431,95144080,26.22,164,4.97,0,10749.0,0.5334192059939799
Movie 1937,Adventure,93601713,142681592,35.84,136,6.96,1,12.0,1.524348085381728
Movie 1938,Romance,43307399,91787242,70.86,166,4.76,1,10749.0,2.1194355726604592
Movie 1939,N/A,115190001,62061012,52.63,163,4.29,0,N/A,0.5387708261240487
Movie 1940,Animation,2308507,2775298,13.34,143,3.95,1,16.0,1.2022047149954493
Movie 1941,Comedy,144549523,147424742,96.18,154,4.88,1,35.0,1.0198908923414434
Movie 1942,Romance,116750205,70629621,63.96,136,3.64,0,10749.0,0.6049635715843068
Movie 1943,Thriller,10986298,18656384,76.82,177,3.11,1,53.0,1.6981501867143964
Movie 1944,Science Fiction,76655174,73152663,8.84,153,7.83,0,878.0,0.9543082245172387
Movie 1945,Horror,154846218,365081524,5.66,153,3.83,1,27.0,2.3577038478266226
Movie 1946,Horror,86111891,225597629,2.93,149,7.66,1,27.0,2.619819706432878
Movie 1947,Drama,151220165,281868785,19.69,179,7.79,1,18.0,1.8639629509728415
Movie 1948,Drama,21606265,63830704,42.03,167,6.23,1,18.0,2.954268310603429
Movie 1949,Animation,146309717,237928339,93.65,155,4.86,1,16.0,1.6261964268579645
Movie 1950,N/A,64644057,115287538,46.25,122,3.87,1,N/A,1.7834205238696574
Movie 1951,Adventure,187418046,557202169,29.74,102,7.42,1,12.0,2.973044383356766
Movie 1952,Action,80790594,87162636,56.63,106,6.61,1,28.0,1.0788710873941587
Movie 1953,Action,176037566,502827515,12.08,137,6.93,1,28.0,2.8563648454444093
Movie 1954,Horror,114398568,69450671,61.34,116,3.05,0,27.0,0.6070938842521175
Movie 1955,Adventure,168501499,272292899,57.27,85,8.57,1,12.0,1.6159672205646076
Movie 1956,Action,190363049,128496729,79.41,144,3.4,0,28.0,0.675008777570063
Movie 1957,Animation,5755469,13370454,98.68,85,5.2,1,16.0,2.3230867892781633
Movie 1958,Animation,83162634,168073541,25.84,129,5.42,1,16.0,2.021022337988958
Movie 1959,N/A,161316369,365637368,51.46,101,3.01,1,N/A,2.2665856556689543
Movie 1960,N/A,133193291,191292337,90.98,167,5.98,1,N/A,1.4362009945380807
Movie 1961,Romance,109637707,156091733,78.73,104,7.52,1,10749.0,1.423704829945048
Movie 1962,Comedy,149368268,91607289,49.25,158,7.94,0,35.0,0.6132981939644637
Movie 1963,Horror,180439128,248078963,94.59,169,8.28,1,27.0,1.3748623469295418
Movie 1964,N/A,137210553,387375715,6.67,151,5.93,1,N/A,2.8232210025419837
Movie 1965,Drama,71941842,104176560,93.17,130,6.78,1,18.0,1.448066342254623
Movie 1966,Action,165777526,427443966,6.0,167,3.48,1,28.0,2.5784192605214775
Movie 1967,Drama,141370669,368385634,55.18,127,5.93,1,18.0,2.6058137561759716
Movie 1968,Drama,105779107,151592344,89.15,149,3.93,1,18.0,1.433102890535841
Movie 1969,Science Fiction,171503798,356723046,27.01,178,5.22,1,878.0,2.0799716983527095
Movie 1970,Romance,145773814,107643612,47.75,144,4.98,0,10749.0,0.7384290020702895
Movie 1971,Romance,188525407,143127820,33.11,139,5.54,0,10749.0,0.7591964514363838
Movie 1972,Science Fiction,158507371,98535181,95.26,125,6.43,0,878.0,0.6216441568512293
Movie 1973,Drama,90597893,176895804,82.54,115,8.42,1,18.0,1.9525377262360837
Movie 1974,Drama,137158097,214676759,71.19,137,5.37,1,18.0,1.5651774389958182
Movie 1975,Science Fiction,122388754,228876870,59.18,155,8.89,1,878.0,1.8700808899484342
Movie 1976,Comedy,176899285,318893329,82.24,117,7.55,1,35.0,1.8026829729696194
Movie 1977,Adventure,86103140,118435512,39.83,90,6.07,1,12.0,1.375507466975072
Movie 1978,Adventure,183444343,402418835,45.31,91,6.86,1,12.0,2.1936835359376547
Movie 1979,Action,161172904,386211329,73.27,121,3.61,1,28.0,2.39625470172083
Movie 1980,Drama,109772994,58900966,36.42,118,8.07,0,18.0,0.5365706432312487
Movie 1981,Animation,82718171,84215845,7.33,150,6.49,1,16.0,1.018105743658186
Movie 1982,Science Fiction,52721929,120368891,8.36,90,8.92,1,878.0,2.283089660850611
Movie 1983,Comedy,122381618,179478814,12.42,115,6.82,1,35.0,1.4665504258981117
Movie 1984,Romance,142996476,308330412,87.1,131,8.0,1,10749.0,2.1562098635213918
Movie 1985,N/A,42654364,58325860,47.75,110,7.8,1,N/A,1.3674066269045766
Movie 1986,Thriller,187400693,276769812,71.58,112,5.07,1,53.0,1.4768878789578435
Movie 1987,Action,132651518,118948242,39.9,92,4.56,0,28.0,0.8966971791457373
Movie 1988,Romance,70055694,80254230,26.61,97,5.58,1,10749.0,1.1455775457737953
Movie 1989,Action,33997728,68455424,35.37,120,5.8,1,28.0,2.0135293746688014
Movie 1990,Horror,121054662,191618366,79.62,137,4.44,1,27.0,1.5829077776451104
Movie 1991,Comedy,108902283,265259466,62.9,135,8.37,1,35.0,2.4357567049351943
Movie 1992,Romance,100989204,265749291,93.83,103,6.26,1,10749.0,2.6314623788895295
Movie 1993,Animation,171377374,317753538,68.29,152,8.87,1,16.0,1.8541160398454932
Movie 1994,Animation,176695801,423304516,57.45,110,7.86,1,16.0,2.395668225302083
Movie 1995,Comedy,145934935,184937692,61.41,134,6.33,1,35.0,1.2672612764037616
Movie 1996,Comedy,17169764,26397276,94.29,89,8.68,1,35.0,1.537428004252126
Movie 1997,Science Fiction,144602179,329974102,79.03,139,6.03,1,878.0,2.281944188406732
Movie 1998,Comedy,77123517,113026826,3.38,81,8.32,1,35.0,1.465529975766017
Movie 1999,Animation,21808635,42990540,53.88,94,5.15,1,16.0,1.9712623004603451
Movie 2000,Horror,173267671,166931609,69.15,82,5.27,0,27.0,0.9634319434004512
